text,action
закрой эксиль,close
бивис экзель заверши,close
дружище эсель закрой,close
эй бивис закрой нафиг эсель,close
закрывай eксcel,close
брух выйди из эсель,close
выключи eксcel,close
убей процесс excel,close
эй бивис хватит эксель,close
слушай закрой эсель,close
beavis эксель выключи,close
закрой эксель,close
снеси эсель,close
ну ка выйди из экзель,close
excel заверши,close
закрыть экзель,close
слушай убей процесс эксиль,close
ну ка закрывай exкel,close
брух закрой окно exкel,close
beavis close exкel,close
бивис закрой пожалуйста eксcel,close
закрой exкel,close
брух kill эсель,close
бивис eксcel выключи,close
брух заканчивай с эксель,close
exкel выключи,close
алло закрывай экзель,close
слушай закрой excel,close
дружище прибей эксель,close
дружище закрывай экзель,close
алло убери эксиль полностью,close
beavis заверши экзель,close
бивис снеси exкel,close
закрыть excel,close
брух эксиль заверши,close
зкрой exкel,close
ну ка эксиль заверши,close
beavis эксиль закрой,close
эй бивис убери eксcel полностью,close
excel выключи,close
beavis снеси эксиль,close
ну ка close эксль,close
брух эксль заверши,close
закрой пожалуйста эксль,close
бивис заверши эксиль,close
алло kill exкel,close
алло заканчивай с эсель,close
брух закрой нафиг экзель,close
эй бивис убей процесс экзель,close
брух эксль выключи,close
ну ка эксль выключи,close
beavis эксель закрой,close
убей процесс эксель,close
beavis снеси эксль,close
дружище выйди из эксль,close
брух закрой экзель,close
beavis прибей excel,close
дружище убери эксль полностью,close
брух close эксель,close
beavis снеси экзель,close
заканчивай с excel,close
алло kill эксиль,close
excel закрой,close
слушай убери нахрен эксиль,close
ну ка закрой окно эксль,close
эй бивис close excel,close
дружище выйди из excel,close
дружище убери excel полностью,close
бивис убери эксиль полностью,close
алло выключи эксль,close
слушай прибей эксиль,close
beavis зкрой excel,close
хватит эсель,close
дружище закрывай эксиль,close
бивис заканчивай с эсель,close
брух зкрой eксcel,close
ну ка excel закрой,close
слушай прибей exкel,close
дружище зкрой эксль,close
дружище закрой excel,close
алло заверши эсель,close
брух убери нахрен эсель,close
бивис закрыть эксль,close
слушай закрой нафиг eксcel,close
ну ка kill eксcel,close
алло закрывай эту эксиль,close
алло закрой пожалуйста эксль,close
beavis закрывай эсель,close
эй бивис заверши эксль,close
эй бивис заверши эксель,close
бивис зкрой эсель,close
ну ка закрой eксcel,close
дружище close эсель,close
эй бивис заканчивай с эксиль,close
закрой окно excel,close
алло закрой окно эсель,close
beavis хватит exкel,close
дружище закрой окно эсель,close
слушай eксcel закрой,close
закрывай эту excel,close
дружище закрой пожалуйста экзель,close
beavis убери эсель полностью,close
ну ка exкel заверши,close
закрыть эксель,close
ну ка убери нахрен эксль,close
брух заканчивай с экзель,close
брух закрывай эксиль,close
ну ка спрячь эксль,minimize
бивис отправь эксиль вниз,minimize
слушай отправь эксль вниз,minimize
бивис убери эксель с глаз,minimize
дружище minimize эсель,minimize
дружище сврени эксель,minimize
beavis убери eксcel с экрана,minimize
дружище убери excel с экрана,minimize
эй бивис сверний эсель,minimize
алло сверний эксель,minimize
алло сверний экзель,minimize
алло убери окно exкel,minimize
слушай сверни эксиль,minimize
алло эсель сверни,minimize
эй бивис сврени эксиль,minimize
ну ка эксель спрячь,minimize
брух кинь вниз exкel,minimize
брух спрячь эксиль,minimize
слушай сверни окно эксель,minimize
алло сврени excel,minimize
брух отправь excel вниз,minimize
слушай убери окно эсель,minimize
beavis exкel спрячь,minimize
брух убери эсель с экрана,minimize
эй бивис эксиль спрячь,minimize
beavis сверни в панель эксиль,minimize
эй бивис сверни окно экзель,minimize
beavis сверни пожалуйста эксель,minimize
брух эксль спрячь,minimize
эй бивис сверний экзель,minimize
слушай экзель вниз,minimize
убери eксcel с глаз,minimize
брух minimize экзель,minimize
эй бивис сверни в панель exкel,minimize
слушай сверни в панель eксcel,minimize
ну ка eксcel спрячь,minimize
алло minimize excel,minimize
beavis exкel сверни,minimize
брух эсель вниз,minimize
алло сверний excel,minimize
брух сверни экзель,minimize
ну ка сверни окно excel,minimize
дружище скрой экзель,minimize
beavis сверний эксель,minimize
бивис убери окно exкel,minimize
алло отправь exкel вниз,minimize
брух excel сверни,minimize
алло сверний eксcel,minimize
ну ка убери эксиль с глаз,minimize
слушай эксиль вниз,minimize
бивис minimize excel,minimize
алло сверни окно эксиль,minimize
ну ка экзель вниз,minimize
бивис убери эксиль с экрана,minimize
дружище экзель сверни,minimize
слушай сверни в панель эксель,minimize
алло сверни окно эсель,minimize
сверни окно excel,minimize
слушай убери экзель с экрана,minimize
дружище убери эксель с глаз,minimize
beavis спрячь эксель,minimize
beavis сверни пожалуйста эксль,minimize
дружище скрой эксль,minimize
эй бивис кинь вниз эсель,minimize
алло эсель вниз,minimize
эй бивис убери эксль с экрана,minimize
алло спрячь эсель,minimize
алло убери экзель с экрана,minimize
алло сверни экзель,minimize
beavis скрой экзель,minimize
алло сверни пожалуйста excel,minimize
beavis сверни пожалуйста exкel,minimize
ну ка minimize exкel,minimize
кинь вниз экзель,minimize
дружище сверний eксcel,minimize
эй бивис eксcel спрячь,minimize
дружище exкel спрячь,minimize
брух эксель спрячь,minimize
дружище сверни в панель exкel,minimize
бивис отправь eксcel вниз,minimize
ну ка сверний эксль,minimize
алло сверний эксиль,minimize
брух сврени eксcel,minimize
слушай сверний excel,minimize
ну ка сврени эксль,minimize
эй бивис excel спрячь,minimize
beavis убери exкel с экрана,minimize
слушай экзель спрячь,minimize
слушай сверний eксcel,minimize
бивис сврени эксль,minimize
дружище убери eксcel с глаз,minimize
дружище сверни эксиль,minimize
бивис скрой эксль,minimize
отправь экзель вниз,minimize
beavis убери окно экзель,minimize
ну ка убери окно eксcel,minimize
дружище убери эсель с экрана,minimize
эй бивис спрячь эсель,minimize
beavis эксиль на весь экран,maximize
алло эсель разверни,maximize
эй бивис увеличь окно экзель,maximize
алло разверни на весь экран эксель,maximize
бивис eксcel на весь экран,maximize
дружище во весь экран эксель,maximize
брух разверни окно экзель,maximize
брух разверни exкel,maximize
эй бивис fullscreen экзель,maximize
разверни на весь экран экзель,maximize
дружище раскрой exкel,maximize
брух на весь экран exкel,maximize
ну ка максимизируй exкel,maximize
бивис экзель на весь экран,maximize
алло увеличь окно эсель,maximize
beavis fullscreen exкel,maximize
эй бивис fullscreen эксель,maximize
бивис максимизируй эксиль,maximize
дружище эксль разверни,maximize
брух фулл скрин exкel,maximize
эй бивис увеличь окно eксcel,maximize
дружище эксиль на весь экран,maximize
брух фулл скрин eксcel,maximize
ну ка на весь экран экзель,maximize
дружище увеличь окно эксиль,maximize
beavis раскрой эксель,maximize
слушай eксcel разверни,maximize
брух максимизируй экзель,maximize
beavis на весь экран excel,maximize
бивис разверни на весь экран эсель,maximize
слушай разверни на весь экран эксель,maximize
эй бивис во весь экран excel,maximize
эй бивис увеличь окно эксель,maximize
слушай фулл скрин эсель,maximize
дружище fullscreen excel,maximize
слушай fullscreen эсель,maximize
алло разверни эксиль,maximize
алло на весь экран экзель,maximize
beavis фулл скрин эксель,maximize
ну ка раскрой excel,maximize
брух во весь экран эсель,maximize
эй бивис сделай exкel на весь экран,maximize
beavis разверни эксль,maximize
эй бивис увеличь окно эксль,maximize
дружище excel на весь экран,maximize
beavis разверни окно exкel,maximize
beavis разверни эксель,maximize
бивис exкel разверни,maximize
слушай максимизируй excel,maximize
ну ка разверни окно эксиль,maximize
fullscreen эксль,maximize
алло на весь экран эксиль,maximize
слушай на весь экран эксиль,maximize
beavis разверни на весь экран excel,maximize
дружище разверни окно эксиль,maximize
beavis увеличь окно excel,maximize
ну ка разверни на весь экран excel,maximize
дружище увеличь окно экзель,maximize
ну ка увеличь окно эсель,maximize
ну ка fullscreen эксель,maximize
дружище разверни эксиль,maximize
дружище fullscreen эксель,maximize
бивис разверни экзель,maximize
слушай эксль на весь экран,maximize
алло фулл скрин экзель,maximize
ну ка сделай эксель на весь экран,maximize
эй бивис на весь экран эксель,maximize
алло разверни окно эксиль,maximize
ну ка во весь экран эсель,maximize
бивис фулл скрин эксиль,maximize
ну ка разверни окно эксль,maximize
слушай разверни окно эксль,maximize
алло разверни окно экзель,maximize
слушай разверни на весь экран эксиль,maximize
ну ка фулл скрин эксель,maximize
слушай сделай excel на весь экран,maximize
дружище fullscreen эксиль,maximize
ну ка эксиль на весь экран,maximize
эй бивис максимизируй eксcel,maximize
алло разверни на весь экран eксcel,maximize
ну ка разверни excel,maximize
дружище максимизируй эксиль,maximize
beavis разверни эсель,maximize
алло раскрой эсель,maximize
экзель разверни,maximize
брух эксиль разверни,maximize
алло на весь экран excel,maximize
на весь экран eксcel,maximize
алло разверни окно exкel,maximize
эй бивис сделай эксль на весь экран,maximize
эй бивис увеличь окно эксиль,maximize
брух на весь экран экзель,maximize
beavis во весь экран eксcel,maximize
ну ка увеличь окно экзель,maximize
дружище на весь экран exкel,maximize
бивис сделай экзель на весь экран,maximize
бивис раскрой эсель,maximize
beavis эсель на весь экран,maximize
excel на весь экран,maximize
слушай максимизируй эсель,maximize
ну ка разверни на весь экран экзель,maximize
разверни на весь экран exкel,maximize
дружище fullscreen экзель,maximize
ну ка на весь экран эсель,maximize
эсель разверни,maximize
дружище разверни на весь экран эсель,maximize
дружище fullscreen эсель,maximize
слушай excel разверни,maximize
ну ка фулл скрин excel,maximize
слушай открой обратно эксиль,restore
beavis разверни обратно экзель,restore
верни окно эксль,restore
ну ка восстанови окно excel,restore
дружище верни эсель,restore
beavis разверни обратно эсель,restore
бивис верни окно эксель,restore
beavis покажи обратно эксль,restore
верни как было excel,restore
эй бивис разверни обратно eксcel,restore
слушай восстанови окно эксль,restore
эй бивис верни на экран эксиль,restore
открой обратно эксель,restore
верни на экран эксль,restore
эй бивис восстанови excel,restore
beavis верни эсель,restore
алло восстанови окно эксель,restore
алло excel восстанови,restore
разверни обратно эксель,restore
дружище верни как было eксcel,restore
алло верни как было экзель,restore
алло покажи обратно эксль,restore
восстанови окно эксиль,restore
алло разверни обратно excel,restore
брух верни на экран экзель,restore
дружище восстанови окно exкel,restore
брух exкel верни,restore
beavis покажи обратно эксиль,restore
ну ка верни эксиль,restore
восстанови окно exкel,restore
ну ка разверни обратно excel,restore
beavis восстанови окно экзель,restore
beavis открой обратно эсель,restore
эй бивис восстанови эксль,restore
алло экзель восстанови,restore
ну ка верни на экран excel,restore
алло открой обратно эксель,restore
брух eксcel восстанови,restore
покажи обратно exкel,restore
слушай открой обратно eксcel,restore
слушай верни экзель,restore
дружище eксcel восстанови,restore
дружище верни на экран эксль,restore
бивис эксль верни,restore
дружище экзель верни,restore
слушай восстанови эксель,restore
восстанови экзель,restore
алло разверни обратно экзель,restore
дружище экзель восстанови,restore
дружище верни эксиль,restore
слушай открой обратно эксль,restore
слушай покажи обратно эксель,restore
брух эсель восстанови,restore
дружище восстанови окно эксиль,restore
дружище exкel восстанови,restore
брух восстанови эксиль,restore
брух экзель верни,restore
алло эксль верни,restore
дружище достань эсель,restore
алло восстанови окно экзель,restore
эй бивис восстанови exкel,restore
брух верни эксль,restore
бивис верни exкel,restore
слушай верни excel,restore
дружище верни excel,restore
бивис верни на экран excel,restore
бивис эксиль верни,restore
бивис эксль восстанови,restore
beavis покажи обратно эсель,restore
эй бивис верни окно эсель,restore
алло открой обратно eксcel,restore
ну ка открой обратно эксель,restore
beavis достань эксиль,restore
эй бивис экзель восстанови,restore
beavis exкel восстанови,restore
алло достань eксcel,restore
бивис восстанови окно eксcel,restore
beavis верни эксиль,restore
брух разверни обратно эксиль,restore
дружище разверни обратно eксcel,restore
ну ка покажи обратно exкel,restore
брух excel восстанови,restore
дружище разверни обратно exкel,restore
бивис достань excel,restore
дружище достань эксель,restore
ну ка верни как было excel,restore
ну ка excel верни,restore
алло достань эксль,restore
алло верни на экран эсель,restore
алло открой обратно exкel,restore
брух верни окно exкel,restore
бивис верни окно eксcel,restore
ну ка эксль верни,restore
ну ка открой обратно excel,restore
дружище покажи обратно эксиль,restore
дружище верни как было эксель,restore
ну ка разверни обратно эксиль,restore
дружище покажи обратно эсель,restore
ну ка эксель верни,restore
ну ка верни на экран экзель,restore
ну ка верни excel,restore
beavis достань эксель,restore
алло достань эксиль,restore
eксcel верни,restore
брух закрой телеграм,close
beavis прибей тилеграмм,close
слушай убей процесс тг,close
ну ка закрой тилега,close
beavis прибей telga,close
beavis прибей телерамм,close
дружище close тилеграмм,close
эй бивис заканчивай с тлеграмм,close
бивис прибей тг,close
дружище заверши tlegram,close
брух заверши тлега,close
эй бивис хватит телеграмм,close
эй бивис закрой нафиг тилеграмм,close
дружище снеси teleram,close
дружище закрывай эту дг,close
алло закрыть тилега,close
слушай закрывай телерам,close
ну ка заканчивай с делеграмм,close
слушай закрой окно тлеграмм,close
убери нахрен телега,close
ну ка закрой teleram,close
close телерам,close
алло закрывай эту телеграмм,close
алло дг заверши,close
снеси teleram,close
слушай close телга,close
ну ка хватит telga,close
брух tlegram закрой,close
ну ка прибей tlegram,close
эй бивис делеграм заверши,close
ну ка выйди из tlega,close
брух тг выключи,close
брух close тг,close
бивис выйди из телга,close
ну ка прибей телега,close
ну ка закрывай эту тлега,close
ну ка закрой окно телерамм,close
алло телерамм выключи,close
убей процесс тилеграм,close
ну ка закрой окно teleram,close
бивис снеси telega,close
алло выйди из тлега,close
ну ка закрывай эту делега,close
дружище закрой нафиг тлеграмм,close
брух убери нахрен телга,close
дружище закрывай эту tlegram,close
телерамм заверши,close
бивис телерам закрой,close
бивис заканчивай с tlegram,close
beavis телеграм заверши,close
заканчивай с телега,close
ну ка тилега выключи,close
алло close тилеграм,close
дружище закрывай тилега,close
слушай закрыть тилеграм,close
тг заверши,close
слушай снеси тг,close
дружище заверши телеграмм,close
ну ка телега выключи,close
брух выйди из tlegram,close
ну ка снеси делеграмм,close
дружище закрыть телега,close
ну ка закрой нафиг тг,close
закрыть тг,close
дружище close телеграм,close
beavis close tlegram,close
дружище убери телеграм полностью,close
алло снеси telega,close
алло убей процесс тлега,close
алло закрой окно телерам,close
ну ка закрыть телга,close
алло выключи telegram,close
дружище хватит тилеграм,close
брух выключи тлеграмм,close
закрывай эту телерам,close
beavis close делега,close
ну ка выключи телеграм,close
ну ка убери тлега полностью,close
close тилеграмм,close
beavis закрой telega,close
beavis зкрой telegram,close
бивис telegram закрой,close
убери telga полностью,close
дружище заверши дг,close
эй бивис закрой телега,close
ну ка закрой делеграм,close
алло телерам выключи,close
брух закрой телеграмм,close
дружище убери делеграм полностью,close
бивис хватит тилеграм,close
beavis заверши тлеграмм,close
beavis закрой нафиг тлеграмм,close
алло зкрой тлега,close
beavis teleram выключи,close
ну ка закрой нафиг тилега,close
beavis закрой пожалуйста делеграм,close
beavis убей процесс дг,close
слушай выключи делеграмм,close
слушай хватит делеграмм,close
дружище close тлега,close
слушай снеси делеграмм,close
бивис дг заверши,close
алло закрой нафиг тилега,close
алло снеси делеграм,close
слушай kill телерам,close
дружище закрой нафиг teleram,close
ну ка close tlega,close
ну ка снеси делеграм,close
эй бивис закрыть телеграм,close
beavis убери telegram полностью,close
алло телеграм закрой,close
ну ка закрыть телега,close
ну ка закрой пожалуйста делеграмм,close
бивис закрывай telega,close
заверши телерам,close
слушай убери нахрен telegram,close
ну ка выйди из тилега,close
дружище телерамм закрой,close
эй бивис закрой тилеграм,close
алло сверни тилеграмм,minimize
ну ка скрой тлега,minimize
дружище убери tlega с глаз,minimize
эй бивис тлега спрячь,minimize
сверни в панель telega,minimize
beavis скрой делеграмм,minimize
дружище сверни окно телеграмм,minimize
ну ка скрой телга,minimize
сверни пожалуйста tlega,minimize
алло сврени телеграм,minimize
beavis minimize telegram,minimize
beavis сверни teleram,minimize
ну ка сверни окно teleram,minimize
брух сверний делеграм,minimize
отправь telegram вниз,minimize
beavis кинь вниз telega,minimize
эй бивис дг сверни,minimize
telga спрячь,minimize
брух minimize тилеграм,minimize
слушай сверни пожалуйста тилега,minimize
слушай сверни окно тлега,minimize
beavis убери tlegram с глаз,minimize
ну ка убери окно тилега,minimize
дружище убери tlegram с экрана,minimize
скрой telega,minimize
алло minimize телга,minimize
beavis убери тлега с глаз,minimize
эй бивис minimize telega,minimize
beavis делега спрячь,minimize
брух убери телеграм с экрана,minimize
дружище убери тлеграмм с глаз,minimize
убери телерам с экрана,minimize
beavis скрой тилеграм,minimize
beavis minimize tlegram,minimize
слушай кинь вниз telegram,minimize
бивис кинь вниз дг,minimize
дружище telga спрячь,minimize
слушай сверни тилеграм,minimize
бивис делега сверни,minimize
бивис кинь вниз телга,minimize
брух сверни в панель тлеграмм,minimize
сверни в панель телеграм,minimize
beavis сврени тилеграмм,minimize
бивис убери окно телга,minimize
бивис отправь тилега вниз,minimize
бивис отправь делеграм вниз,minimize
слушай убери телерамм с глаз,minimize
слушай телеграмм сверни,minimize
сверни в панель tlegram,minimize
убери окно дг,minimize
слушай убери тилега с экрана,minimize
ну ка minimize телега,minimize
beavis сверни в панель телега,minimize
ну ка сверни в панель телерам,minimize
дружище сверни в панель делега,minimize
эй бивис скрой telegram,minimize
ну ка телга сверни,minimize
дружище сверни тлега,minimize
слушай telga сверни,minimize
алло сверни в панель телерам,minimize
beavis убери окно тлега,minimize
брух сверни tlegram,minimize
алло сврени дг,minimize
алло сверний телега,minimize
убери tlegram с экрана,minimize
ну ка сврени telega,minimize
beavis сверни окно телега,minimize
beavis сверни пожалуйста телеграм,minimize
дружище тилеграм сверни,minimize
алло сверни тлеграмм,minimize
убери окно телега,minimize
beavis сврени telega,minimize
эй бивис убери telega с экрана,minimize
бивис telegram вниз,minimize
сверни окно делеграм,minimize
ну ка кинь вниз telega,minimize
алло убери telga с экрана,minimize
брух спрячь тилега,minimize
слушай тилеграмм сверни,minimize
дружище сверни окно telga,minimize
эй бивис сверний тилеграмм,minimize
сверни в панель тилега,minimize
алло сврени делеграмм,minimize
ну ка кинь вниз teleram,minimize
бивис сверни окно телеграмм,minimize
эй бивис сврени тилеграм,minimize
ну ка отправь тлеграмм вниз,minimize
эй бивис сверни окно telga,minimize
beavis спрячь делега,minimize
ну ка делеграмм сверни,minimize
beavis кинь вниз тилеграм,minimize
дружище убери окно tlega,minimize
слушай убери телга с экрана,minimize
слушай тг сверни,minimize
дружище сверни в панель телерамм,minimize
дружище убери окно тилега,minimize
beavis спрячь тлеграмм,minimize
алло телга вниз,minimize
beavis делеграмм сверни,minimize
дружище убери тг с глаз,minimize
minimize телеграмм,minimize
скрой tlega,minimize
эй бивис сверни окно telegram,minimize
брух сверний телга,minimize
алло minimize телеграм,minimize
слушай делега вниз,minimize
брух спрячь телерамм,minimize
beavis tlega вниз,minimize
алло отправь тг вниз,minimize
брух убери телега с экрана,minimize
дружище убери teleram с экрана,minimize
дружище сврени tlega,minimize
алло сверни тилеграм,minimize
слушай сверни в панель телга,minimize
ну ка на весь экран делеграм,maximize
дружище разверни на весь экран тлега,maximize
дружище разверни tlegram,maximize
дружище fullscreen tlega,maximize
beavis тлега на весь экран,maximize
брух fullscreen телерамм,maximize
beavis разверни тлеграмм,maximize
брух разверни окно tlegram,maximize
ну ка telega разверни,maximize
слушай разверни окно делега,maximize
ну ка сделай делеграм на весь экран,maximize
ну ка увеличь окно делеграмм,maximize
слушай fullscreen тг,maximize
эй бивис максимизируй тлега,maximize
брух сделай делега на весь экран,maximize
ну ка раскрой телерам,maximize
алло разверни на весь экран телерам,maximize
слушай максимизируй телерам,maximize
бивис разверни окно тлега,maximize
разверни делега,maximize
раскрой tlegram,maximize
во весь экран telga,maximize
эй бивис разверни tlega,maximize
алло раскрой телеграмм,maximize
ну ка тилеграмм разверни,maximize
брух во весь экран tlegram,maximize
алло делеграм разверни,maximize
beavis раскрой дг,maximize
сделай тлега на весь экран,maximize
алло разверни на весь экран тилеграм,maximize
дружище раскрой тлеграмм,maximize
эй бивис на весь экран делеграм,maximize
эй бивис teleram разверни,maximize
сделай телеграм на весь экран,maximize
брух фулл скрин telega,maximize
брух разверни telegram,maximize
на весь экран тилеграм,maximize
бивис тг разверни,maximize
разверни на весь экран telega,maximize
beavis фулл скрин tlega,maximize
эй бивис разверни окно тлеграмм,maximize
слушай на весь экран тг,maximize
брух максимизируй телеграм,maximize
слушай телеграмм на весь экран,maximize
ну ка fullscreen тилега,maximize
beavis fullscreen тлеграмм,maximize
telga разверни,maximize
слушай telega на весь экран,maximize
ну ка fullscreen телга,maximize
ну ка разверни окно telegram,maximize
сделай tlegram на весь экран,maximize
дружище максимизируй telga,maximize
ну ка сделай тилеграмм на весь экран,maximize
слушай разверни телерам,maximize
ну ка во весь экран тилега,maximize
beavis максимизируй telega,maximize
эй бивис телерам на весь экран,maximize
эй бивис сделай делеграмм на весь экран,maximize
алло разверни на весь экран telga,maximize
алло сделай телега на весь экран,maximize
алло разверни делеграмм,maximize
эй бивис разверни окно телега,maximize
ну ка во весь экран tlegram,maximize
бивис делега на весь экран,maximize
слушай делеграмм на весь экран,maximize
слушай раскрой тилега,maximize
алло на весь экран телеграмм,maximize
бивис сделай делеграм на весь экран,maximize
слушай teleram на весь экран,maximize
алло во весь экран тлеграмм,maximize
beavis максимизируй делега,maximize
фулл скрин tlegram,maximize
слушай сделай tlega на весь экран,maximize
beavis тлеграмм на весь экран,maximize
алло во весь экран tlega,maximize
алло максимизируй telega,maximize
ну ка делеграм разверни,maximize
разверни тилеграм,maximize
брух сделай тлеграмм на весь экран,maximize
слушай разверни на весь экран tlegram,maximize
эй бивис fullscreen телеграмм,maximize
алло на весь экран телга,maximize
делеграм на весь экран,maximize
разверни на весь экран телга,maximize
beavis раскрой telga,maximize
beavis разверни телега,maximize
брух раскрой тлега,maximize
алло дг разверни,maximize
ну ка разверни телега,maximize
слушай максимизируй tlega,maximize
брух увеличь окно тилеграмм,maximize
дружище сделай tlegram на весь экран,maximize
beavis во весь экран телега,maximize
бивис увеличь окно телеграм,maximize
брух фулл скрин teleram,maximize
эй бивис телега на весь экран,maximize
бивис увеличь окно telega,maximize
брух fullscreen телеграм,maximize
ну ка fullscreen телерам,maximize
бивис увеличь окно telga,maximize
эй бивис максимизируй телга,maximize
алло делега на весь экран,maximize
ну ка на весь экран tlega,maximize
брух увеличь окно telegram,maximize
слушай делеграмм разверни,maximize
бивис во весь экран тилеграмм,maximize
бивис разверни telga,maximize
бивис разверни окно telega,maximize
бивис сделай telegram на весь экран,maximize
beavis на весь экран телеграм,maximize
ну ка разверни окно telga,maximize
бивис сделай тилеграм на весь экран,maximize
beavis фулл скрин telga,maximize
эй бивис максимизируй тг,maximize
бивис во весь экран telegram,maximize
слушай разверни телеграмм,maximize
дружище верни как было телеграмм,restore
дружище восстанови окно тлега,restore
алло телеграм восстанови,restore
алло восстанови тг,restore
брух разверни обратно делега,restore
алло восстанови телеграм,restore
дружище верни как было телега,restore
брух разверни обратно телеграмм,restore
бивис открой обратно телерамм,restore
брух восстанови окно тилеграмм,restore
ну ка достань тилега,restore
бивис телерамм восстанови,restore
брух восстанови окно teleram,restore
эй бивис тг верни,restore
алло восстанови окно тлеграмм,restore
слушай восстанови окно telega,restore
ну ка верни окно дг,restore
слушай верни на экран дг,restore
слушай верни делега,restore
эй бивис верни на экран telega,restore
beavis верни как было телерамм,restore
слушай достань телеграмм,restore
алло восстанови окно tlega,restore
брух верни как было tlegram,restore
бивис верни окно telga,restore
эй бивис верни тлеграмм,restore
слушай верни телерам,restore
beavis телга верни,restore
брух tlega восстанови,restore
ну ка верни окно тилеграм,restore
эй бивис tlegram восстанови,restore
брух восстанови окно telga,restore
ну ка верни окно телега,restore
слушай верни как было делеграмм,restore
эй бивис покажи обратно телга,restore
дружище тилега верни,restore
алло разверни обратно тилеграм,restore
бивис верни телерамм,restore
telega верни,restore
дружище верни на экран телега,restore
брух открой обратно дг,restore
слушай тлега верни,restore
брух верни телеграм,restore
алло достань телга,restore
ну ка тилеграм верни,restore
алло верни на экран тг,restore
бивис телерам восстанови,restore
слушай восстанови окно телга,restore
эй бивис верни как было тилеграмм,restore
дружище восстанови окно telegram,restore
эй бивис разверни обратно telegram,restore
бивис tlega верни,restore
открой обратно делега,restore
бивис верни окно tlegram,restore
ну ка восстанови окно телега,restore
beavis telga восстанови,restore
эй бивис телеграм верни,restore
бивис достань телега,restore
верни окно делеграмм,restore
слушай верни как было telga,restore
бивис достань телерам,restore
ну ка разверни обратно teleram,restore
дружище покажи обратно тилеграмм,restore
бивис верни как было тилеграм,restore
брух восстанови teleram,restore
брух покажи обратно тилега,restore
beavis восстанови телеграм,restore
эй бивис восстанови тилеграмм,restore
алло разверни обратно телега,restore
бивис дг верни,restore
алло покажи обратно тилеграмм,restore
брух разверни обратно тилеграмм,restore
брух верни окно дг,restore
ну ка верни окно telega,restore
восстанови делеграм,restore
ну ка тг верни,restore
beavis покажи обратно tlegram,restore
ну ка достань тилеграм,restore
покажи обратно делеграмм,restore
эй бивис верни как было telega,restore
покажи обратно тлеграмм,restore
слушай верни делеграм,restore
ну ка верни тг,restore
дружище покажи обратно телега,restore
дружище верни как было дг,restore
алло покажи обратно дг,restore
бивис достань делега,restore
ну ка тлеграмм верни,restore
beavis верни окно тлеграмм,restore
дружище восстанови делеграмм,restore
разверни обратно telga,restore
beavis разверни обратно telega,restore
слушай верни на экран тилеграмм,restore
ну ка верни окно тилега,restore
ну ка верни как было делега,restore
ну ка восстанови окно делеграм,restore
слушай разверни обратно телерам,restore
ну ка верни на экран телеграм,restore
эй бивис верни на экран телега,restore
алло разверни обратно telega,restore
брух восстанови тг,restore
ну ка разверни обратно telegram,restore
дружище покажи обратно teleram,restore
эй бивис открой обратно делеграмм,restore
ну ка тлега верни,restore
бивис восстанови окно tlega,restore
брух верни на экран делега,restore
дружище разверни обратно тилеграмм,restore
алло разверни обратно делега,restore
beavis верни на экран tlega,restore
слушай восстанови телга,restore
разверни обратно тг,restore
beavis разверни обратно тлега,restore
слушай закрыть ее,close
beavis закрывай активную программу,close
алло закрой текущее,close
дружище это окно закрой,close
закрывай текущий экран,close
брух выйди отсюда,close
beavis закрой приложение,close
beavis закрой пожалуйста текущий экран,close
слушай закрой тут,close
бивис закрой пожалуйста текущую программу,close
ну ка это закрой,close
алло зактни это,close
эй бивис закрой активное,close
брух зактни это,close
ну ка закрой пожалуйста активное окно,close
брух убери это полностью,close
дружище закрой тут,close
эй бивис закрывай активное окно,close
дружище его закрывай,close
дружище закрой активную программу полностью,close
beavis закрой пожалуйста активную программу,close
дружище закрыть программу,close
ну ка закрой это окно полностью,close
дружище зактни это,close
эй бивис ее закрывай,close
дружище закрой активное,close
дружище закрыть её,close
эй бивис закрыть текущий экран,close
ну ка закрой активное,close
алло закрой программу полностью,close
закрой пожалуйста текущее окно,close
эй бивис закрой текущее,close
слушай закрой активное приложение,close
алло закрывай активное приложение,close
ну ка закрывай текущее окно,close
эй бивис закрой активное приложение полностью,close
слушай закрывай приложение,close
ну ка закрой текущее,close
дружище закрой пожалуйста её,close
ну ка kill current window,close
алло закрой пожалуйста программу,close
слушай закрой активное окно,close
ну ка зактни это,close
брух закрой окно полностью,close
слушай закрой текущее окно полностью,close
брух закрой ее полностью,close
эй бивис kill current window,close
приложение закрывай,close
алло закрыть её,close
слушай закрой ее,close
активную программу закрывай,close
ну ка закрой тут,close
дружище закрыть текущую программу,close
алло закрой это полностью,close
алло убери это полностью,close
алло закрой активное,close
beavis закрыть программу,close
брух это закрой,close
ну ка закрыть её,close
брух закрой пожалуйста программу,close
брух закрой это,close
beavis закрой приложение полностью,close
алло закрыть его,close
алло активное окно закрой,close
beavis закрывай активное приложение,close
дружище это закрывай,close
beavis закрой активную программу полностью,close
beavis активное приложение закрывай,close
закрывай это окно,close
дружище убери это полностью,close
алло закрывай активное окно,close
дружище текущий экран закрывай,close
окно закрывай,close
дружище выйди отсюда,close
дружище закрывай окно,close
слушай закрой программу полностью,close
алло его закрой,close
эй бивис это окно закрывай,close
бивис текущую программу закрывай,close
брух закрой это полностью,close
дружище закрой активное окно,close
слушай текущую программу закрой,close
дружище закрыть окно,close
дружище закрой пожалуйста это,close
брух закрыть активную программу,close
дружище kill current window,close
алло программу закрывай,close
beavis текущий экран закрой,close
алло закрой тут,close
ну ка закрыть активную программу,close
алло выйди отсюда,close
ну ка убери это полностью,close
дружище закрой её полностью,close
ну ка выйди отсюда,close
брух закрой это окно,close
ну ка текущее окно закрой,close
закрыть активное приложение,close
ну ка закрой её полностью,close
слушай это закрывай,close
эй бивис закрывай текущую программу,close
брух программу закрой,close
ну ка закрой это,close
ну ка закрой текущий экран,close
алло закрывай текущий экран,close
ну ка закрывай программу,close
beavis активную программу закрой,close
алло это окно закрой,close
закрой пожалуйста его,close
ну ка закрой это окно,close
бивис закрыть текущее окно,close
алло kill current window,close
закрыть активное окно,close
брух закрыть текущую программу,close
эй бивис это окно закрой,close
ну ка закрывай это окно,close
ну ка закрой пожалуйста активную программу,close
алло закрой пожалуйста текущий экран,close
алло закрой текущую программу полностью,close
ну ка приложение закрывай,close
алло закрыть это окно,close
дружище закрывай активную программу,close
дружище активное окно закрывай,close
слушай закрой его полностью,close
beavis закрой окно,close
ну ка закрой пожалуйста его,close
брух закрывай программу,close
ну ка закрывай текущий экран,close
эй бивис закрыть приложение,close
бивис закрыть окно,close
алло закрой пожалуйста это,close
бивис закрой это окно полностью,close
дружище закрой активное приложение полностью,close
алло её закрывай,close
алло закрой пожалуйста её,close
ну ка закрой пожалуйста её,close
эй бивис закрывай ее,close
дружище закрой текущее,close
бивис приложение закрой,close
дружище закрыть текущий экран,close
эй бивис закрой текущую программу полностью,close
ну ка закрывай активное приложение,close
ну ка закрой текущее окно полностью,close
ну ка программу закрывай,close
эй бивис закрыть это окно,close
алло закрывай активную программу,close
дружище это закрой,close
ну ка его закрывай,close
слушай закрывай его,close
дружище активное приложение закрывай,close
ну ка закрыть окно,close
ну ка это окно закрывай,close
алло закрывай текущую программу,close
бивис закрывай это,close
ну ка закрыть это,close
дружище его закрой,close
дружище закрой окно полностью,close
слушай активное окно закрой,close
дружище закрой пожалуйста активную программу,close
ну ка закрой пожалуйста текущее окно,close
эй бивис текущее окно закрывай,close
дружище текущую программу закрывай,close
брух закрой активное окно полностью,close
активное приложение закрой,close
дружище её закрывай,close
алло закрой пожалуйста его,close
дружище закрой активное приложение,close
дружище закрыть его,close
ну ка окно закрывай,close
ну ка программу закрой,close
дружище активную программу закрывай,close
ну ка закрой его полностью,close
брух текущий экран закрывай,close
алло закрой текущее окно полностью,close
дружище окно закрывай,close
эй бивис закрыть это,close
алло закрывай это,close
ну ка закрыть активное приложение,close
дружище закрой пожалуйста его,close
ну ка закрой активное приложение полностью,close
ну ка закрой пожалуйста приложение,close
брух активное окно закрывай,close
слушай её закрой,close
дружище приложение закрывай,close
beavis его закрывай,close
алло это закрой,close
его закрой,close
дружище закрывай его,close
брух программу закрывай,close
дружище закрыть приложение,close
алло это окно закрывай,close
окно закрой,close
дружище закрой текущую программу полностью,close
ну ка закрой пожалуйста активное приложение,close
дружище закрой пожалуйста текущую программу,close
дружище закрой пожалуйста текущее окно,close
ну ка текущий экран закрой,close
алло закрыть приложение,close
дружище закрыть активное приложение,close
дружище закрой его полностью,close
дружище это окно закрывай,close
дружище закрывай активное окно,close
дружище закрывай это,close
слушай закрыть его,close
дружище закрывай приложение,close
дружище закрыть текущее окно,close
дружище закрой текущий экран полностью,close
алло закрывай это окно,close
алло активное окно закрывай,close
дружище текущее окно закрывай,close
брух закрывай окно,close
ну ка активное окно закрой,close
дружище текущий экран закрой,close
алло закрыть текущее окно,close
дружище закрой это окно,close
ну ка закрой текущую программу полностью,close
дружище закрой приложение полностью,close
ну ка ее закрой,close
алло окно закрой,close
дружище закрой приложение,close
закрывай текущее окно,close
алло закрывай окно,close
алло закрой её полностью,close
алло активное приложение закрой,close
ну ка закрывай активную программу,close
ну ка это закрывай,close
дружище текущее окно закрой,close
алло закрыть это,close
beavis текущее окно закрой,close
ну ка закрой пожалуйста программу,close
алло её закрой,close
ну ка его закрой,close
ну ка закрой пожалуйста окно,close
дружище закрой текущее окно полностью,close
ну ка закрыть его,close
дружище закрой пожалуйста текущий экран,close
дружище программу закрывай,close
ну ка закрыть текущее окно,close
алло закрывай приложение,close
алло закрой это окно полностью,close
алло его закрывай,close
алло закрой активное приложение полностью,close
ну ка закрывай ее,close
дружище закрыть активное окно,close
алло закрывай текущее окно,close
дружище активное окно закрой,close
ну ка активное приложение закрывай,close
алло закрыть текущую программу,close
ну ка закрой текущий экран полностью,close
дружище закрой это окно полностью,close
эй бивис закрой текущий экран полностью,close
ну ка активную программу закрой,close
дружище закрывай текущее окно,close
ну ка закрой текущую программу,close
ну ка закрыть это окно,close
алло приложение закрывай,close
алло закрой текущий экран полностью,close
алло закрой пожалуйста текущую программу,close
алло закрой окно,close
ну ка закрой окно полностью,close
ну ка текущую программу закрывай,close
алло закрой пожалуйста текущее окно,close
алло закрывай его,close
дружище активную программу закрой,close
алло закрой приложение,close
алло это закрывай,close
алло закрыть активное приложение,close
дружище закрыть это окно,close
алло текущую программу закрывай,close
ну ка окно закрой,close
ну ка текущий экран закрывай,close
алло окно закрывай,close
алло активное приложение закрывай,close
алло закрой пожалуйста активное приложение,close
алло текущий экран закрывай,close
алло закрой пожалуйста это окно,close
дружище закрой программу полностью,close
алло текущий экран закрой,close
дружище закрывай активное приложение,close
алло закрой окно полностью,close
ну ка закрывай приложение,close
дружище закрой это полностью,close
алло закрой приложение полностью,close
дружище программу закрой,close
дружище закрой пожалуйста окно,close
ну ка текущую программу закрой,close
beavis программу фулл скрин,maximize
дружище фулл скрин,maximize
слушай максимизируй её,maximize
beavis во весь экран,maximize
брух разверни на весь экран,maximize
ну ка maximize current,maximize
брух фулл скрин,maximize
алло разверни текущий экран,maximize
эй бивис разверни текущую программу,maximize
алло фулл скрин,maximize
бивис maximize current,maximize
дружище сделай текущий экран на весь экран,maximize
эй бивис сделай текущий экран на весь экран,maximize
слушай программу fullscreen,maximize
beavis максимизируй активное окно,maximize
активное окно fullscreen,maximize
брух увеличь приложение,maximize
бивис его во весь экран,maximize
эй бивис раскрой его,maximize
бивис разверни программу на весь экран,maximize
бивис это окно fullscreen,maximize
дружище ее во весь экран,maximize
дружище максимизируй его,maximize
брух раскрой активную программу,maximize
брух сделай на весь экран,maximize
эй бивис разверни текущую программу на весь экран,maximize
слушай разверни окно,maximize
алло maximize current,maximize
брух максимизируй приложение,maximize
алло сделай активное приложение на весь экран,maximize
дружище активную программу fullscreen,maximize
алло разверни на весь экран,maximize
алло во весь экран,maximize
beavis сделай ее на весь экран,maximize
сделай текущую программу на весь экран,maximize
дружище сделай активное приложение на весь экран,maximize
слушай разверни это окно,maximize
ну ка разверни текущий экран на весь экран,maximize
брух активную программу во весь экран,maximize
слушай сделай окно на весь экран,maximize
beavis увеличь текущее окно,maximize
эй бивис сделай это на весь экран,maximize
дружище это окно во весь экран,maximize
дружище это окно фулл скрин,maximize
алло это окно фулл скрин,maximize
эй бивис раскрой программу,maximize
бивис увеличь ее,maximize
слушай сделай активное приложение на весь экран,maximize
активное окно фулл скрин,maximize
слушай текущее окно фулл скрин,maximize
бивис приложение фулл скрин,maximize
beavis увеличь это окно,maximize
эй бивис разверни её на весь экран,maximize
это окно фулл скрин,maximize
текущее окно fullscreen,maximize
слушай разверни его,maximize
ну ка максимизируй её,maximize
слушай разверни активное приложение,maximize
эй бивис разверни приложение на весь экран,maximize
бивис сделай активное окно на весь экран,maximize
эй бивис разверни программу,maximize
дружище максимизируй активное приложение,maximize
дружище maximize current,maximize
ну ка во весь экран,maximize
дружище разверни текущую программу,maximize
бивис активное окно во весь экран,maximize
ну ка максимизируй текущий экран,maximize
ну ка увеличь текущую программу,maximize
брух приложение во весь экран,maximize
алло раскрой текущее окно,maximize
beavis раскрой её,maximize
алло разверни окно,maximize
бивис окно fullscreen,maximize
слушай это фулл скрин,maximize
алло раскрой это окно,maximize
текущее окно во весь экран,maximize
текущую программу fullscreen,maximize
активное приложение fullscreen,maximize
дружище раскрой активную программу,maximize
брух увеличь активное окно,maximize
брух разверни текущее окно на весь экран,maximize
бивис увеличь его,maximize
дружище во весь экран,maximize
дружище разверни это на весь экран,maximize
эй бивис ее фулл скрин,maximize
ну ка текущее окно фулл скрин,maximize
дружище активное приложение во весь экран,maximize
увеличь текущую программу,maximize
ну ка разверни на весь экран,maximize
дружище текущую программу фулл скрин,maximize
алло увеличь окно,maximize
бивис максимизируй это,maximize
дружище сделай на весь экран,maximize
слушай раскрой активное приложение,maximize
дружище увеличь окно,maximize
дружище максимизируй ее,maximize
дружище разверни текущий экран,maximize
алло разверни активную программу на весь экран,maximize
слушай текущий экран fullscreen,maximize
алло сделай на весь экран,maximize
эй бивис раскрой окно,maximize
алло разверни текущий экран на весь экран,maximize
дружище программу во весь экран,maximize
дружище раскрой её,maximize
бивис его фулл скрин,maximize
ну ка сделай ее на весь экран,maximize
эй бивис разверни приложение,maximize
ну ка разверни активное приложение,maximize
ну ка разверни активное окно на весь экран,maximize
брух раскрой текущее окно,maximize
алло это fullscreen,maximize
дружище это fullscreen,maximize
алло активное приложение во весь экран,maximize
дружище разверни активную программу на весь экран,maximize
ну ка текущее окно во весь экран,maximize
бивис сделай программу на весь экран,maximize
дружище приложение фулл скрин,maximize
ну ка раскрой текущее окно,maximize
слушай сделай приложение на весь экран,maximize
алло текущий экран fullscreen,maximize
эй бивис разверни окно на весь экран,maximize
бивис разверни текущее окно,maximize
приложение fullscreen,maximize
брух активное приложение фулл скрин,maximize
ну ка сделай на весь экран,maximize
увеличь активную программу,maximize
разверни её,maximize
бивис текущий экран во весь экран,maximize
эй бивис разверни его на весь экран,maximize
ну ка её фулл скрин,maximize
дружище увеличь текущее окно,maximize
алло разверни это на весь экран,maximize
дружище увеличь его,maximize
эй бивис раскрой это окно,maximize
дружище программу фулл скрин,maximize
ну ка разверни её,maximize
алло разверни активную программу,maximize
бивис текущую программу фулл скрин,maximize
ну ка её во весь экран,maximize
дружище разверни его,maximize
максимизируй текущее окно,maximize
алло это окно во весь экран,maximize
алло его во весь экран,maximize
ну ка увеличь текущее окно,maximize
ну ка её fullscreen,maximize
дружище увеличь приложение,maximize
beavis разверни текущий экран,maximize
дружище разверни текущее окно на весь экран,maximize
дружище разверни на весь экран,maximize
ну ка окно fullscreen,maximize
эй бивис увеличь текущий экран,maximize
ну ка текущий экран фулл скрин,maximize
ну ка разверни приложение на весь экран,maximize
разверни текущий экран на весь экран,maximize
дружище активное окно во весь экран,maximize
beavis разверни это на весь экран,maximize
beavis это во весь экран,maximize
ну ка приложение во весь экран,maximize
дружище сделай её на весь экран,maximize
ну ка разверни текущее окно,maximize
брух окно во весь экран,maximize
ну ка это окно fullscreen,maximize
бивис ее fullscreen,maximize
эй бивис максимизируй окно,maximize
ну ка разверни текущее окно на весь экран,maximize
дружище активное окно фулл скрин,maximize
дружище текущее окно фулл скрин,maximize
брух активную программу фулл скрин,maximize
алло разверни текущее окно,maximize
дружище разверни текущую программу на весь экран,maximize
дружище активное приложение fullscreen,maximize
дружище увеличь её,maximize
эй бивис разверни активную программу на весь экран,maximize
слушай разверни активное окно,maximize
слушай его fullscreen,maximize
дружище разверни её на весь экран,maximize
алло программу фулл скрин,maximize
алло текущую программу во весь экран,maximize
брух сделай текущее окно на весь экран,maximize
beavis сделай это окно на весь экран,maximize
эй бивис увеличь программу,maximize
алло разверни приложение,maximize
алло сделай активную программу на весь экран,maximize
слушай это окно во весь экран,maximize
beavis максимизируй его,maximize
алло увеличь текущую программу,maximize
ну ка раскрой ее,maximize
ну ка активное окно fullscreen,maximize
эй бивис окно фулл скрин,maximize
брух сделай активную программу на весь экран,maximize
бивис раскрой текущую программу,maximize
дружище максимизируй это окно,maximize
ну ка активную программу fullscreen,maximize
брух раскрой приложение,maximize
максимизируй текущую программу,maximize
слушай максимизируй текущий экран,maximize
эй бивис разверни активное окно на весь экран,maximize
слушай увеличь активное приложение,maximize
алло окно во весь экран,maximize
алло максимизируй активную программу,maximize
дружище увеличь активное окно,maximize
дружище максимизируй текущий экран,maximize
бивис разверни это,maximize
ну ка разверни окно,maximize
текущую программу во весь экран,maximize
ну ка разверни приложение,maximize
ну ка фулл скрин,maximize
алло приложение fullscreen,maximize
дружище разверни активное приложение,maximize
ну ка раскрой его,maximize
алло разверни программу на весь экран,maximize
дружище текущий экран фулл скрин,maximize
алло разверни программу,maximize
бивис это fullscreen,maximize
дружище приложение fullscreen,maximize
ну ка разверни ее на весь экран,maximize
ну ка программу fullscreen,maximize
ну ка сделай его на весь экран,maximize
beavis активное приложение во весь экран,maximize
ну ка активное приложение во весь экран,maximize
алло сделай программу на весь экран,maximize
раскрой активное окно,maximize
её во весь экран,maximize
эй бивис увеличь окно,maximize
ну ка разверни активную программу,maximize
дружище разверни его на весь экран,maximize
алло увеличь активную программу,maximize
алло активную программу во весь экран,maximize
алло максимизируй программу,maximize
алло текущее окно fullscreen,maximize
эй бивис раскрой это,maximize
дружище её фулл скрин,maximize
дружище сделай это на весь экран,maximize
брух разверни это окно на весь экран,maximize
алло приложение фулл скрин,maximize
дружище раскрой активное окно,maximize
beavis увеличь это,maximize
слушай раскрой текущий экран,maximize
ну ка разверни это окно,maximize
ну ка активное окно фулл скрин,maximize
дружище текущий экран во весь экран,maximize
алло активное окно fullscreen,maximize
алло сделай ее на весь экран,maximize
ну ка текущую программу фулл скрин,maximize
ну ка сделай текущий экран на весь экран,maximize
ну ка текущую программу fullscreen,maximize
дружище раскрой его,maximize
дружище раскрой программу,maximize
алло активную программу fullscreen,maximize
дружище раскрой это окно,maximize
алло максимизируй текущую программу,maximize
дружище разверни ее,maximize
beavis разверни активную программу,maximize
ну ка разверни окно на весь экран,maximize
дружище максимизируй окно,maximize
ну ка сделай активное окно на весь экран,maximize
дружище разверни окно на весь экран,maximize
алло максимизируй её,maximize
ну ка максимизируй программу,maximize
дружище сделай активную программу на весь экран,maximize
бивис текущий экран фулл скрин,maximize
алло сделай это на весь экран,maximize
слушай программу во весь экран,maximize
брух максимизируй активное приложение,maximize
дружище разверни программу на весь экран,maximize
алло увеличь активное приложение,maximize
дружище максимизируй приложение,maximize
алло сделай приложение на весь экран,maximize
алло максимизируй это,maximize
ну ка увеличь текущий экран,maximize
слушай максимизируй это окно,maximize
алло раскрой текущий экран,maximize
дружище сделай текущее окно на весь экран,maximize
алло сделай текущее окно на весь экран,maximize
дружище увеличь текущий экран,maximize
алло разверни активное приложение,maximize
ну ка сделай текущее окно на весь экран,maximize
слушай активную программу fullscreen,maximize
алло увеличь активное окно,maximize
алло ее фулл скрин,maximize
алло это окно fullscreen,maximize
бивис максимизируй активную программу,maximize
алло сделай его на весь экран,maximize
дружище текущее окно во весь экран,maximize
алло разверни это окно на весь экран,maximize
дружище увеличь активную программу,maximize
алло раскрой её,maximize
алло разверни ее,maximize
ну ка максимизируй активную программу,maximize
дружище это фулл скрин,maximize
бивис сделай его на весь экран,maximize
ну ка увеличь ее,maximize
ну ка это фулл скрин,maximize
алло активное окно во весь экран,maximize
алло ее fullscreen,maximize
дружище максимизируй активную программу,maximize
слушай максимизируй программу,maximize
дружище сделай текущую программу на весь экран,maximize
ну ка раскрой текущую программу,maximize
дружище разверни текущий экран на весь экран,maximize
дружище разверни это окно на весь экран,maximize
ну ка его фулл скрин,maximize
алло разверни текущую программу на весь экран,maximize
ну ка разверни это на весь экран,maximize
алло сделай окно на весь экран,maximize
дружище сделай программу на весь экран,maximize
дружище сделай окно на весь экран,maximize
ну ка текущую программу во весь экран,maximize
алло раскрой активную программу,maximize
алло текущую программу фулл скрин,maximize
ну ка разверни текущую программу на весь экран,maximize
алло это во весь экран,maximize
алло разверни ее на весь экран,maximize
дружище раскрой текущий экран,maximize
дружище максимизируй текущую программу,maximize
алло разверни текущее окно на весь экран,maximize
алло окно fullscreen,maximize
ну ка текущий экран во весь экран,maximize
дружище разверни программу,maximize
ну ка максимизируй это,maximize
ну ка увеличь активное окно,maximize
дружище приложение во весь экран,maximize
ну ка программу фулл скрин,maximize
дружище разверни это окно,maximize
ну ка увеличь приложение,maximize
алло максимизируй текущее окно,maximize
ну ка сделай программу на весь экран,maximize
ну ка программу во весь экран,maximize
алло разверни активное приложение на весь экран,maximize
алло его фулл скрин,maximize
алло ее во весь экран,maximize
дружище раскрой это,maximize
бивис разверни активное приложение на весь экран,maximize
алло увеличь это окно,maximize
алло разверни окно на весь экран,maximize
алло разверни его,maximize
дружище максимизируй это,maximize
дружище активное окно fullscreen,maximize
ну ка текущий экран fullscreen,maximize
алло это фулл скрин,maximize
ну ка сделай активное приложение на весь экран,maximize
дружище разверни текущее окно,maximize
ну ка увеличь активное приложение,maximize
дружище максимизируй текущее окно,maximize
дружище раскрой окно,maximize
дружище активную программу фулл скрин,maximize
дружище программу fullscreen,maximize
алло окно фулл скрин,maximize
ну ка сделай текущую программу на весь экран,maximize
ну ка максимизируй окно,maximize
ну ка увеличь программу,maximize
ну ка это окно фулл скрин,maximize
алло раскрой текущую программу,maximize
алло сделай активное окно на весь экран,maximize
алло разверни активное окно на весь экран,maximize
алло раскрой активное приложение,maximize
дружище его fullscreen,maximize
ну ка разверни активную программу на весь экран,maximize
ну ка текущее окно fullscreen,maximize
алло максимизируй текущий экран,maximize
дружище текущую программу fullscreen,maximize
ну ка это fullscreen,maximize
алло раскрой программу,maximize
ну ка сделай это окно на весь экран,maximize
дружище активное приложение фулл скрин,maximize
дружище разверни окно,maximize
дружище раскрой текущее окно,maximize
ну ка разверни текущую программу,maximize
ну ка раскрой текущий экран,maximize
ну ка активное приложение fullscreen,maximize
ну ка раскрой программу,maximize
ну ка окно фулл скрин,maximize
слушай minimize current,minimize
сверни это окно,minimize
эй бивис спрячь текущий экран,minimize
слушай скрой это,minimize
брух спрячь текущее окно,minimize
брух кинь вниз приложение,minimize
брух сверни текущее,minimize
ну ка minimize current,minimize
beavis убери вниз,minimize
алло сверни текущее,minimize
бивис сверни программу вниз,minimize
ну ка сверни текущую программу вниз,minimize
алло спрячь активное приложение,minimize
дружище сверни текущее,minimize
эй бивис программу спрячь,minimize
алло скрой это,minimize
дружище кинь текущее окно вниз,minimize
брух сверни это,minimize
бивис сверни пожалуйста активную программу,minimize
ну ка кинь его вниз,minimize
дружище активное приложение спрячь,minimize
сверни текущую программу,minimize
ну ка кинь вниз активное окно,minimize
ну ка убери ее с экрана,minimize
дружище сверни пожалуйста программу,minimize
дружище кинь это окно вниз,minimize
дружище сверни активное окно вниз,minimize
бивис кинь вниз ее,minimize
ну ка скрой это,minimize
beavis убери активное окно с экрана,minimize
бивис убери текущую программу с экрана,minimize
эй бивис сверни пожалуйста текущее окно,minimize
брух сверни текущий экран вниз,minimize
бивис убери текущий экран с экрана,minimize
спрячь это окно,minimize
бивис спрячь ее,minimize
ну ка окно спрячь,minimize
дружище сверни окно,minimize
слушай кинь вниз это окно,minimize
брух текущее окно спрячь,minimize
эй бивис сверни пожалуйста её,minimize
дружище спрячь текущий экран,minimize
дружище окно спрячь,minimize
слушай сверни текущее окно вниз,minimize
эй бивис кинь вниз текущее окно,minimize
брух кинь вниз его,minimize
алло сверни его вниз,minimize
брух спрячь приложение,minimize
бивис кинь активную программу вниз,minimize
дружище сверни пожалуйста приложение,minimize
слушай сверни активную программу вниз,minimize
алло minimize current,minimize
брух убери ее с экрана,minimize
алло убери активную программу с экрана,minimize
ну ка кинь вниз её,minimize
ну ка убери вниз,minimize
дружище сверни текущую программу,minimize
ну ка кинь вниз активное приложение,minimize
алло убери её с экрана,minimize
бивис кинь программу вниз,minimize
бивис сверни пожалуйста окно,minimize
ну ка убери приложение с экрана,minimize
алло программу спрячь,minimize
дружище сверни его вниз,minimize
дружище скрой это,minimize
слушай кинь вниз текущую программу,minimize
слушай кинь активное приложение вниз,minimize
слушай убери это окно с экрана,minimize
слушай спрячь окно,minimize
алло убери активное приложение с экрана,minimize
дружище сверни её вниз,minimize
алло спрячь это окно,minimize
эй бивис кинь вниз окно,minimize
брух сверни текущий экран,minimize
бивис убери текущее окно с экрана,minimize
алло кинь окно вниз,minimize
бивис сверни его,minimize
дружище активную программу спрячь,minimize
дружище текущую программу спрячь,minimize
ну ка сверни текущее,minimize
алло кинь активную программу вниз,minimize
дружище спрячь это,minimize
дружище minimize current,minimize
дружище убери вниз,minimize
алло спрячь активное окно,minimize
ну ка кинь её вниз,minimize
брух сверни приложение вниз,minimize
слушай сверни ее вниз,minimize
слушай сверни пожалуйста приложение,minimize
beavis кинь это окно вниз,minimize
ну ка активную программу спрячь,minimize
эй бивис сверни пожалуйста активное окно,minimize
слушай сверни пожалуйста активное приложение,minimize
эй бивис кинь текущее окно вниз,minimize
beavis убери его с экрана,minimize
ну ка спрячь это окно,minimize
алло сверни это,minimize
дружище спрячь её,minimize
beavis спрячь активное приложение,minimize
дружище спрячь это окно,minimize
бивис убери активную программу с экрана,minimize
брух спрячь активную программу,minimize
бивис сверни окно вниз,minimize
эй бивис сверни активное окно вниз,minimize
слушай текущую программу спрячь,minimize
beavis кинь вниз программу,minimize
дружище сверни активную программу,minimize
бивис кинь приложение вниз,minimize
слушай кинь текущий экран вниз,minimize
дружище сверни её,minimize
алло сверни пожалуйста активную программу,minimize
алло спрячь её,minimize
бивис кинь активное окно вниз,minimize
ее спрячь,minimize
слушай кинь текущую программу вниз,minimize
брух сверни это окно вниз,minimize
алло убери окно с экрана,minimize
ну ка это окно спрячь,minimize
алло сверни пожалуйста текущую программу,minimize
бивис спрячь его,minimize
бивис кинь ее вниз,minimize
брух приложение спрячь,minimize
слушай спрячь это,minimize
брух текущий экран спрячь,minimize
алло сверни пожалуйста ее,minimize
ну ка сверни его,minimize
ну ка сверни пожалуйста текущий экран,minimize
алло кинь программу вниз,minimize
слушай кинь вниз активное окно,minimize
алло убери вниз,minimize
эй бивис кинь его вниз,minimize
beavis кинь вниз это,minimize
дружище убери окно с экрана,minimize
дружище кинь вниз окно,minimize
beavis это спрячь,minimize
слушай убери окно с экрана,minimize
алло сверни текущий экран,minimize
алло спрячь активную программу,minimize
алло спрячь текущее окно,minimize
слушай активное приложение спрячь,minimize
дружище убери его с экрана,minimize
дружище сверни текущее окно вниз,minimize
алло сверни активную программу вниз,minimize
ну ка его спрячь,minimize
дружище сверни пожалуйста это,minimize
дружище сверни активную программу вниз,minimize
дружище кинь активное окно вниз,minimize
алло сверни активное приложение вниз,minimize
дружище кинь вниз активное приложение,minimize
ну ка спрячь текущую программу,minimize
дружище текущее окно спрячь,minimize
слушай убери программу с экрана,minimize
алло сверни приложение вниз,minimize
алло кинь вниз активное окно,minimize
алло кинь вниз текущий экран,minimize
алло сверни текущее окно вниз,minimize
эй бивис это окно спрячь,minimize
дружище это окно спрячь,minimize
алло текущую программу спрячь,minimize
дружище ее спрячь,minimize
ну ка сверни активное окно,minimize
кинь вниз активную программу,minimize
брух кинь вниз активное приложение,minimize
ну ка спрячь приложение,minimize
брух убери это с экрана,minimize
эй бивис кинь это вниз,minimize
слушай убери приложение с экрана,minimize
ну ка активное приложение спрячь,minimize
алло сверни активное окно вниз,minimize
дружище спрячь активное приложение,minimize
алло его спрячь,minimize
слушай спрячь программу,minimize
алло кинь это вниз,minimize
ну ка убери программу с экрана,minimize
дружище убери активное приложение с экрана,minimize
слушай сверни это вниз,minimize
ну ка сверни пожалуйста окно,minimize
алло убери программу с экрана,minimize
алло кинь вниз активную программу,minimize
дружище кинь окно вниз,minimize
слушай кинь вниз текущий экран,minimize
алло убери активное окно с экрана,minimize
ну ка сверни это окно вниз,minimize
брух сверни его вниз,minimize
ну ка кинь вниз активную программу,minimize
ну ка кинь вниз программу,minimize
слушай убери активное приложение с экрана,minimize
бивис сверни пожалуйста программу,minimize
брух окно спрячь,minimize
ну ка сверни его вниз,minimize
дружище это спрячь,minimize
ну ка убери активное окно с экрана,minimize
спрячь активное окно,minimize
дружище кинь вниз активное окно,minimize
дружище приложение спрячь,minimize
бивис сверни текущую программу вниз,minimize
дружище сверни пожалуйста активное приложение,minimize
ну ка сверни пожалуйста её,minimize
алло активное приложение спрячь,minimize
beavis сверни активное приложение вниз,minimize
дружище кинь это вниз,minimize
алло сверни окно вниз,minimize
алло кинь вниз текущее окно,minimize
алло кинь текущий экран вниз,minimize
beavis активное окно спрячь,minimize
ну ка кинь текущую программу вниз,minimize
алло сверни это вниз,minimize
алло сверни активное приложение,minimize
алло сверни пожалуйста текущее окно,minimize
брух его спрячь,minimize
дружище кинь программу вниз,minimize
дружище кинь текущую программу вниз,minimize
алло спрячь его,minimize
дружище убери текущую программу с экрана,minimize
ну ка сверни пожалуйста программу,minimize
алло спрячь текущую программу,minimize
ну ка кинь активное приложение вниз,minimize
дружище спрячь окно,minimize
ну ка убери активную программу с экрана,minimize
ну ка убери окно с экрана,minimize
алло убери текущее окно с экрана,minimize
ну ка кинь программу вниз,minimize
алло кинь вниз текущую программу,minimize
ну ка сверни пожалуйста активное приложение,minimize
дружище активное окно спрячь,minimize
ну ка сверни текущий экран вниз,minimize
алло сверни ее вниз,minimize
алло кинь вниз активное приложение,minimize
алло активную программу спрячь,minimize
ну ка сверни ее вниз,minimize
ну ка приложение спрячь,minimize
ну ка спрячь текущее окно,minimize
ну ка кинь вниз текущее окно,minimize
дружище убери это с экрана,minimize
ну ка кинь окно вниз,minimize
ну ка кинь вниз текущий экран,minimize
ну ка убери это с экрана,minimize
дружище сверни программу вниз,minimize
алло сверни пожалуйста программу,minimize
ну ка сверни текущее окно,minimize
алло сверни пожалуйста его,minimize
дружище спрячь приложение,minimize
брух спрячь текущую программу,minimize
ну ка кинь это окно вниз,minimize
дружище спрячь его,minimize
ну ка кинь текущее окно вниз,minimize
дружище кинь активную программу вниз,minimize
ну ка сверни текущую программу,minimize
алло кинь текущее окно вниз,minimize
кинь окно вниз,minimize
ну ка кинь вниз окно,minimize
дружище убери приложение с экрана,minimize
алло сверни активное окно,minimize
ну ка сверни это,minimize
дружище сверни пожалуйста текущий экран,minimize
дружище спрячь текущую программу,minimize
алло кинь вниз приложение,minimize
ну ка её спрячь,minimize
ну ка сверни текущее окно вниз,minimize
дружище сверни текущее окно,minimize
алло кинь вниз его,minimize
дружище убери программу с экрана,minimize
ну ка убери активное приложение с экрана,minimize
алло сверни пожалуйста окно,minimize
ну ка кинь вниз это,minimize
ну ка текущую программу спрячь,minimize
алло кинь вниз её,minimize
ну ка убери текущий экран с экрана,minimize
алло убери приложение с экрана,minimize
дружище сверни это окно,minimize
алло спрячь это,minimize
ну ка сверни активную программу вниз,minimize
ну ка кинь текущий экран вниз,minimize
дружище кинь вниз текущую программу,minimize
дружище спрячь текущее окно,minimize
ну ка спрячь её,minimize
дружище сверни окно вниз,minimize
дружище кинь вниз текущий экран,minimize
слушай активную программу спрячь,minimize
ну ка спрячь активное окно,minimize
дружище сверни пожалуйста активное окно,minimize
ну ка кинь вниз его,minimize
ну ка сверни активное окно вниз,minimize
дружище сверни приложение вниз,minimize
ну ка кинь это вниз,minimize
ну ка текущий экран спрячь,minimize
алло текущее окно спрячь,minimize
алло окно спрячь,minimize
алло кинь ее вниз,minimize
дружище кинь его вниз,minimize
дружище кинь вниз активную программу,minimize
дружище кинь вниз его,minimize
алло кинь активное приложение вниз,minimize
дружище спрячь активное окно,minimize
ну ка сверни приложение,minimize
дружище спрячь активную программу,minimize
алло сверни программу вниз,minimize
ну ка спрячь это,minimize
дружище убери активную программу с экрана,minimize
алло убери это окно с экрана,minimize
дружище программу спрячь,minimize
ну ка убери его с экрана,minimize
алло убери текущий экран с экрана,minimize
алло кинь это окно вниз,minimize
дружище кинь её вниз,minimize
алло убери его с экрана,minimize
ну ка спрячь окно,minimize
алло кинь вниз это окно,minimize
алло кинь текущую программу вниз,minimize
алло кинь вниз это,minimize
дружище убери её с экрана,minimize
дружище сверни текущий экран вниз,minimize
алло убери текущую программу с экрана,minimize
алло её спрячь,minimize
дружище кинь активное приложение вниз,minimize
дружище сверни пожалуйста его,minimize
алло спрячь программу,minimize
дружище спрячь программу,minimize
дружище убери текущий экран с экрана,minimize
ну ка спрячь активное приложение,minimize
дружище кинь вниз её,minimize
ну ка убери текущее окно с экрана,minimize
дружище сверни это окно вниз,minimize
алло кинь вниз программу,minimize
алло кинь активное окно вниз,minimize
алло спрячь приложение,minimize
ну ка сверни это окно,minimize
алло убери это с экрана,minimize
алло спрячь окно,minimize
beavis достань обратно,restore
эй бивис покажи обратно,restore
ну ка текущий экран восстанови,restore
алло верни окно,restore
слушай это окно верни,restore
алло restore current,restore
beavis это верни,restore
ну ка покажи обратно,restore
ну ка верни текущую программу на экран,restore
слушай активное приложение восстанови,restore
дружище верни приложение,restore
дружище восстанови приложение,restore
слушай его верни,restore
дружище restore current,restore
дружище верни её,restore
слушай верни на экран,restore
beavis верни ее на экран,restore
эй бивис верни приложение,restore
ну ка верни окно,restore
beavis восстанови её,restore
beavis верни как было,restore
beavis restore current,restore
дружище верни как было,restore
брух это окно восстанови,restore
beavis верни окно,restore
окно восстанови,restore
алло достань обратно,restore
бивис её восстанови,restore
дружище верни активную программу,restore
дружище активное приложение верни,restore
алло верни на экран,restore
брух программу верни,restore
алло покажи обратно,restore
дружище верни это окно,restore
брух верни это окно на экран,restore
дружище верни окно,restore
дружище это восстанови,restore
алло активное окно верни,restore
бивис восстанови это,restore
дружище верни на экран,restore
алло верни как было,restore
beavis верни программу на экран,restore
ну ка верни текущий экран на экран,restore
брух активную программу верни,restore
эй бивис верни текущую программу на экран,restore
ну ка текущее окно верни,restore
ну ка верни это окно,restore
алло восстанови текущую программу,restore
эй бивис текущий экран верни,restore
слушай окно верни,restore
ну ка активное окно восстанови,restore
ну ка активное приложение восстанови,restore
дружище достань обратно,restore
ну ка верни на экран,restore
слушай восстанови программу,restore
брух программу восстанови,restore
слушай восстанови это окно,restore
ну ка верни как было,restore
дружище восстанови его,restore
алло это окно восстанови,restore
дружище верни это на экран,restore
эй бивис восстанови текущее окно,restore
ну ка текущее окно восстанови,restore
ну ка restore current,restore
beavis его восстанови,restore
алло активное окно восстанови,restore
дружище покажи обратно,restore
beavis верни текущее окно на экран,restore
брух восстанови активное приложение,restore
ну ка верни её на экран,restore
ну ка достань обратно,restore
эй бивис приложение восстанови,restore
эй бивис восстанови активное окно,restore
дружище восстанови это окно,restore
бивис верни текущий экран на экран,restore
восстанови текущую программу,restore
дружище верни активное окно,restore
алло верни текущий экран,restore
восстанови приложение,restore
слушай восстанови окно,restore
дружище верни активное приложение,restore
алло верни текущую программу,restore
эй бивис ее верни,restore
дружище верни приложение на экран,restore
алло программу верни,restore
алло восстанови текущий экран,restore
алло верни его,restore
бивис приложение верни,restore
бивис это восстанови,restore
эй бивис текущую программу верни,restore
слушай верни его,restore
брух восстанови текущий экран,restore
дружище восстанови активную программу,restore
слушай верни приложение на экран,restore
дружище её восстанови,restore
эй бивис текущую программу восстанови,restore
beavis активное приложение верни,restore
текущий экран восстанови,restore
брух верни текущий экран,restore
дружище активную программу восстанови,restore
эй бивис активное окно верни,restore
beavis верни активную программу на экран,restore
beavis верни текущую программу,restore
beavis верни окно на экран,restore
бивис текущее окно верни,restore
алло окно верни,restore
beavis текущее окно восстанови,restore
ну ка окно верни,restore
beavis верни текущее окно,restore
beavis верни активное окно на экран,restore
алло верни активное приложение,restore
слушай восстанови его,restore
дружище активную программу верни,restore
beavis верни активное окно,restore
beavis активную программу восстанови,restore
брух активное окно восстанови,restore
алло восстанови её,restore
ну ка верни активную программу,restore
алло её восстанови,restore
дружище её верни,restore
ну ка верни текущий экран,restore
дружище восстанови её,restore
beavis верни программу,restore
ну ка восстанови это окно,restore
алло текущую программу верни,restore
ну ка текущую программу верни,restore
эй бивис верни это на экран,restore
beavis верни её,restore
ну ка это окно восстанови,restore
дружище верни текущий экран на экран,restore
ну ка восстанови текущую программу,restore
алло верни текущее окно на экран,restore
алло верни активное приложение на экран,restore
ну ка верни его,restore
beavis верни активное приложение,restore
ну ка окно восстанови,restore
алло верни его на экран,restore
алло восстанови активное приложение,restore
ну ка программу восстанови,restore
дружище восстанови текущую программу,restore
дружище активное окно верни,restore
ну ка верни активное приложение,restore
алло верни приложение на экран,restore
слушай восстанови активную программу,restore
ну ка верни активное окно на экран,restore
ну ка её верни,restore
алло верни приложение,restore
алло восстанови активное окно,restore
алло верни её,restore
ну ка активное окно верни,restore
алло его верни,restore
дружище верни текущее окно на экран,restore
ну ка восстанови окно,restore
слушай верни это окно,restore
ну ка активную программу верни,restore
ну ка восстанови приложение,restore
дружище это окно верни,restore
ну ка восстанови это,restore
эй бивис верни активное приложение на экран,restore
слушай верни его на экран,restore
дружище верни это,restore
ну ка восстанови активное окно,restore
дружище верни активное окно на экран,restore
алло окно восстанови,restore
ну ка восстанови ее,restore
алло активную программу верни,restore
ну ка это верни,restore
дружище его восстанови,restore
алло восстанови текущее окно,restore
алло программу восстанови,restore
алло верни текущий экран на экран,restore
дружище это окно восстанови,restore
брух верни активную программу,restore
ну ка это окно верни,restore
алло восстанови это,restore
алло восстанови окно,restore
дружище верни окно на экран,restore
ну ка приложение восстанови,restore
ну ка активное приложение верни,restore
дружище верни его,restore
алло активное приложение восстанови,restore
алло восстанови программу,restore
дружище активное приложение восстанови,restore
дружище это верни,restore
алло верни это на экран,restore
алло верни активную программу на экран,restore
ну ка верни текущую программу,restore
алло верни активную программу,restore
ну ка верни окно на экран,restore
алло это верни,restore
дружище восстанови текущий экран,restore
ну ка его верни,restore
алло текущее окно восстанови,restore
дружище активное окно восстанови,restore
ну ка верни активное приложение на экран,restore
дружище программу восстанови,restore
ну ка верни его на экран,restore
дружище верни её на экран,restore
алло верни окно на экран,restore
ну ка верни активную программу на экран,restore
алло активное приложение верни,restore
дружище восстанови это,restore
дружище верни это окно на экран,restore
дружище окно верни,restore
дружище верни его на экран,restore
алло верни это окно,restore
алло текущее окно верни,restore
дружище текущую программу восстанови,restore
алло текущую программу восстанови,restore
алло восстанови его,restore
ну ка восстанови текущий экран,restore
дружище верни текущую программу,restore
ну ка верни её,restore
бивис верни это,restore
алло верни программу,restore
алло верни это,restore
алло текущий экран восстанови,restore
ну ка её восстанови,restore
алло его восстанови,restore
ну ка восстанови программу,restore
алло верни её на экран,restore
алло верни активное окно на экран,restore
ну ка текущий экран верни,restore
ну ка текущую программу восстанови,restore
дружище текущий экран верни,restore
дружище верни текущий экран,restore
ну ка верни текущее окно на экран,restore
алло ее верни,restore
дружище восстанови окно,restore
ну ка восстанови активное приложение,restore
алло верни программу на экран,restore
дружище верни активное приложение на экран,restore
дружище восстанови активное окно,restore
ну ка восстанови активную программу,restore
дружище восстанови активное приложение,restore
алло приложение восстанови,restore
дружище программу верни,restore
алло текущий экран верни,restore
ну ка восстанови его,restore
алло восстанови активную программу,restore
дружище верни текущее окно,restore
ну ка восстанови текущее окно,restore
дружище восстанови программу,restore
дружище восстанови текущее окно,restore
ну ка верни это окно на экран,restore
дружище приложение верни,restore
ну ка верни активное окно,restore
ну ка верни это,restore
ну ка приложение верни,restore
алло восстанови приложение,restore
дружище верни текущую программу на экран,restore
дружище текущий экран восстанови,restore
дружище верни программу на экран,restore
ну ка программу верни,restore
алло верни активное окно,restore
ну ка его восстанови,restore
ну ка верни это на экран,restore
дружище текущее окно восстанови,restore
напомни мне завтра быстро,unknown
эй поставь таймер,unknown
переключи трек быстро,unknown
ну ка бивис громкость на десять,unknown
слушай бивис громкость на десять,unknown
эй динамики рвуться,unknown
найди эксель быстро,unknown
эй покажи календарь,unknown
ну ка бивис зактни,unknown
бивис start экзель,unknown
эй start telegram,unknown
давай сделай тихо,unknown
бивис найди файл,unknown
эй open тг,unknown
переведи текст,unknown
слушай выключи компьютер,unknown
давай открой экзель,unknown
брух открой где код пишу,unknown
давай запусти eксcel,unknown
брух включи eксcel,unknown
ну ка найди тг,unknown
открой телега пожалуйста,unknown
ну ка громко слишком,unknown
слушай запусти телеграмм,unknown
эй сколько время,unknown
бивис запусти блокнот,unknown
слушай найди в интернете,unknown
open телега,unknown
ну ка следующая песня,unknown
включи тг,unknown
бивис запусти excel,unknown
бивис закрытый вопрос,unknown
давай открой эксель,unknown
давай запусти телега,unknown
ты где быстро,unknown
эй start телега,unknown
эй открой тг,unknown
ну ка start телеграмм,unknown
брух найди экзель,unknown
эй закрой глаза,unknown
расскажи анекдот быстро,unknown
слушай найди тг,unknown
давай open телеграмм,unknown
сделай громкость 20,unknown
слушай включи телега,unknown
давай что по времени,unknown
ну ка заблокируй экран,unknown
брух запусти тг,unknown
слушай пауза музыку,unknown
эй start телеграмм,unknown
ну ка отправь письмо,unknown
ну ка создай папку,unknown
эй включи excel,unknown
слушай start эксель,unknown
ну ка найди в интернете,unknown
слушай open эксель,unknown
открой telegram быстро,unknown
бивис помолчи,unknown
выруби звук пожалуйста,unknown
прибавь громкость быстро,unknown
брух start eксcel,unknown
сверни браузер когда откроешь,unknown
ну ка открой тг,unknown
ну ка динамики рвуться,unknown
брух следующая песня,unknown
брух отправь письмо,unknown
брух создай папку,unknown
брух запусти эксель,unknown
эй открой телеграмм,unknown
ну ка включи telegram,unknown
бивис open telegram,unknown
давай на максимум,unknown
бивис проснись,unknown
брух start excel,unknown
ну ка найди eксcel,unknown
ну ка start тг,unknown
брух запусти экзель,unknown
open eксcel,unknown
бивис бивис зактни,unknown
бивис open excel,unknown
ну ка сделавй громче,unknown
погода минск,unknown
найди телега быстро,unknown
давай включи эксель,unknown
бивис убавь звук,unknown
open экзель,unknown
бивис start тг,unknown
слушай найди телеграмм,unknown
давай открой окно,unknown
слушай включи экзель,unknown
эй перезагрузи компьютер,unknown
ну ка включи эксель,unknown
давай найди excel,unknown
слушай напиши сообщение,unknown
ну ка открой окно,unknown
ну ка найди телеграмм,unknown
ну ка open excel,unknown
ну ка open экзель,unknown
ну ка проснись,unknown
открой вс код,unknown
ну ка помолчи,unknown
эй открой браузер,unknown
запусти telegram пожалуйста,unknown
давай включи телеграмм,unknown
ну ка найди файл,unknown
сделавй громче пожалуйста,unknown
ну ка start excel,unknown
давай открой excel,unknown
ну ка ты где,unknown
слушай заткнись,unknown
слушай удали файл,unknown
бивис брух сделай громче,unknown
давай открой eксcel,unknown
включи telegram,unknown
ну ка открой экзель,unknown
ну ка запусти excel,unknown
найди eксcel пожалуйста,unknown
слушай громко слишком,unknown
ну ка заткнись,unknown
ну ка покажи календарь,unknown
ну ка прибавь громкость,unknown
ну ка открой браузер,unknown
ну ка напомни мне завтра,unknown
ну ка open eксcel,unknown
ну ка найди excel,unknown
ну ка перезагрузи компьютер,unknown
ну ка открой telegram,unknown
эй найди telegram,unknown
слушай какая погода,unknown
ну ка выруби звук,unknown
ну ка открой вс код,unknown
ну ка запусти эксель,unknown
ну ка включи eксcel,unknown
сделай скриншот быстро,unknown
ну ка пауза музыку,unknown
ну ка открой телега,unknown
ну ка закрытый вопрос,unknown
ну ка найди телега,unknown
ну ка запусти экзель,unknown
ну ка открой телеграмм,unknown
ну ка запусти телеграмм,unknown
ну ка найди telegram,unknown
ну ка выключи компьютер,unknown
ну ка запусти блокнот,unknown
ну ка что по времени,unknown
ну ка open эксель,unknown
ну ка брух сделай громче,unknown
ну ка open телеграмм,unknown
ну ка включи тг,unknown
заблокируй экран быстро,unknown
ну ка напиши сообщение,unknown
ну ка убавь звук,unknown
ну ка сделай тихо,unknown
ну ка на максимум,unknown
ну ка открой eксcel,unknown
ну ка включи excel,unknown
ну ка переведи текст,unknown
ну ка погода минск,unknown
ну ка сделай громкость 20,unknown
ну ка start telegram,unknown
ну ка включи экзель,unknown
ну ка запусти telegram,unknown
ну ка найди экзель,unknown
ну ка сделай скриншот,unknown
ну ка сколько время,unknown
ну ка какая погода,unknown
ну ка open тг,unknown
ну ка start экзель,unknown
ну ка найди эксель,unknown
ну ка поставь таймер,unknown
ну ка закрой глаза,unknown
ну ка расскажи анекдот,unknown
ну ка запусти телега,unknown
ну ка запусти тг,unknown
ну ка start телега,unknown
ну ка переключи трек,unknown
ну ка удали файл,unknown
ну ка start eксcel,unknown
ну ка открой эксель,unknown
ну ка open телега,unknown
ну ка сверни браузер когда откроешь,unknown
ну ка открой где код пишу,unknown
ну ка запусти eксcel,unknown
ну ка открой excel,unknown
ну ка включи телега,unknown
ну ка open telegram,unknown
ну ка start эксель,unknown
ну ка включи телеграмм,unknown
