text,target
закрой эксиль,excel
бивис экзель заверши,excel
дружище эсель закрой,excel
эй бивис закрой нафиг эсель,excel
закрывай eксcel,excel
брух выйди из эсель,excel
выключи eксcel,excel
убей процесс excel,excel
эй бивис хватит эксель,excel
слушай закрой эсель,excel
beavis эксель выключи,excel
закрой эксель,excel
снеси эсель,excel
ну ка выйди из экзель,excel
excel заверши,excel
закрыть экзель,excel
слушай убей процесс эксиль,excel
ну ка закрывай exкel,excel
брух закрой окно exкel,excel
beavis close exкel,excel
бивис закрой пожалуйста eксcel,excel
закрой exкel,excel
брух kill эсель,excel
бивис eксcel выключи,excel
брух заканчивай с эксель,excel
exкel выключи,excel
алло закрывай экзель,excel
слушай закрой excel,excel
дружище прибей эксель,excel
дружище закрывай экзель,excel
алло убери эксиль полностью,excel
beavis заверши экзель,excel
бивис снеси exкel,excel
закрыть excel,excel
брух эксиль заверши,excel
зкрой exкel,excel
ну ка эксиль заверши,excel
beavis эксиль закрой,excel
эй бивис убери eксcel полностью,excel
excel выключи,excel
beavis снеси эксиль,excel
ну ка close эксль,excel
брух эксль заверши,excel
закрой пожалуйста эксль,excel
бивис заверши эксиль,excel
алло kill exкel,excel
алло заканчивай с эсель,excel
брух закрой нафиг экзель,excel
эй бивис убей процесс экзель,excel
брух эксль выключи,excel
ну ка эксль выключи,excel
beavis эксель закрой,excel
убей процесс эксель,excel
beavis снеси эксль,excel
дружище выйди из эксль,excel
брух закрой экзель,excel
beavis прибей excel,excel
дружище убери эксль полностью,excel
брух close эксель,excel
beavis снеси экзель,excel
заканчивай с excel,excel
алло kill эксиль,excel
excel закрой,excel
слушай убери нахрен эксиль,excel
ну ка закрой окно эксль,excel
эй бивис close excel,excel
дружище выйди из excel,excel
дружище убери excel полностью,excel
бивис убери эксиль полностью,excel
алло выключи эксль,excel
слушай прибей эксиль,excel
beavis зкрой excel,excel
хватит эсель,excel
дружище закрывай эксиль,excel
бивис заканчивай с эсель,excel
брух зкрой eксcel,excel
ну ка excel закрой,excel
слушай прибей exкel,excel
дружище зкрой эксль,excel
дружище закрой excel,excel
алло заверши эсель,excel
брух убери нахрен эсель,excel
бивис закрыть эксль,excel
слушай закрой нафиг eксcel,excel
ну ка kill eксcel,excel
алло закрывай эту эксиль,excel
алло закрой пожалуйста эксль,excel
beavis закрывай эсель,excel
эй бивис заверши эксль,excel
эй бивис заверши эксель,excel
бивис зкрой эсель,excel
ну ка закрой eксcel,excel
дружище close эсель,excel
эй бивис заканчивай с эксиль,excel
закрой окно excel,excel
алло закрой окно эсель,excel
beavis хватит exкel,excel
дружище закрой окно эсель,excel
слушай eксcel закрой,excel
закрывай эту excel,excel
дружище закрой пожалуйста экзель,excel
beavis убери эсель полностью,excel
ну ка exкel заверши,excel
закрыть эксель,excel
ну ка убери нахрен эксль,excel
брух заканчивай с экзель,excel
брух закрывай эксиль,excel
ну ка спрячь эксль,excel
бивис отправь эксиль вниз,excel
слушай отправь эксль вниз,excel
бивис убери эксель с глаз,excel
дружище minimize эсель,excel
дружище сврени эксель,excel
beavis убери eксcel с экрана,excel
дружище убери excel с экрана,excel
эй бивис сверний эсель,excel
алло сверний эксель,excel
алло сверний экзель,excel
алло убери окно exкel,excel
слушай сверни эксиль,excel
алло эсель сверни,excel
эй бивис сврени эксиль,excel
ну ка эксель спрячь,excel
брух кинь вниз exкel,excel
брух спрячь эксиль,excel
слушай сверни окно эксель,excel
алло сврени excel,excel
брух отправь excel вниз,excel
слушай убери окно эсель,excel
beavis exкel спрячь,excel
брух убери эсель с экрана,excel
эй бивис эксиль спрячь,excel
beavis сверни в панель эксиль,excel
эй бивис сверни окно экзель,excel
beavis сверни пожалуйста эксель,excel
брух эксль спрячь,excel
эй бивис сверний экзель,excel
слушай экзель вниз,excel
убери eксcel с глаз,excel
брух minimize экзель,excel
эй бивис сверни в панель exкel,excel
слушай сверни в панель eксcel,excel
ну ка eксcel спрячь,excel
алло minimize excel,excel
beavis exкel сверни,excel
брух эсель вниз,excel
алло сверний excel,excel
брух сверни экзель,excel
ну ка сверни окно excel,excel
дружище скрой экзель,excel
beavis сверний эксель,excel
бивис убери окно exкel,excel
алло отправь exкel вниз,excel
брух excel сверни,excel
алло сверний eксcel,excel
ну ка убери эксиль с глаз,excel
слушай эксиль вниз,excel
бивис minimize excel,excel
алло сверни окно эксиль,excel
ну ка экзель вниз,excel
бивис убери эксиль с экрана,excel
дружище экзель сверни,excel
слушай сверни в панель эксель,excel
алло сверни окно эсель,excel
сверни окно excel,excel
слушай убери экзель с экрана,excel
дружище убери эксель с глаз,excel
beavis спрячь эксель,excel
beavis сверни пожалуйста эксль,excel
дружище скрой эксль,excel
эй бивис кинь вниз эсель,excel
алло эсель вниз,excel
эй бивис убери эксль с экрана,excel
алло спрячь эсель,excel
алло убери экзель с экрана,excel
алло сверни экзель,excel
beavis скрой экзель,excel
алло сверни пожалуйста excel,excel
beavis сверни пожалуйста exкel,excel
ну ка minimize exкel,excel
кинь вниз экзель,excel
дружище сверний eксcel,excel
эй бивис eксcel спрячь,excel
дружище exкel спрячь,excel
брух эксель спрячь,excel
дружище сверни в панель exкel,excel
бивис отправь eксcel вниз,excel
ну ка сверний эксль,excel
алло сверний эксиль,excel
брух сврени eксcel,excel
слушай сверний excel,excel
ну ка сврени эксль,excel
эй бивис excel спрячь,excel
beavis убери exкel с экрана,excel
слушай экзель спрячь,excel
слушай сверний eксcel,excel
бивис сврени эксль,excel
дружище убери eксcel с глаз,excel
дружище сверни эксиль,excel
бивис скрой эксль,excel
отправь экзель вниз,excel
beavis убери окно экзель,excel
ну ка убери окно eксcel,excel
дружище убери эсель с экрана,excel
эй бивис спрячь эсель,excel
beavis эксиль на весь экран,excel
алло эсель разверни,excel
эй бивис увеличь окно экзель,excel
алло разверни на весь экран эксель,excel
бивис eксcel на весь экран,excel
дружище во весь экран эксель,excel
брух разверни окно экзель,excel
брух разверни exкel,excel
эй бивис fullscreen экзель,excel
разверни на весь экран экзель,excel
дружище раскрой exкel,excel
брух на весь экран exкel,excel
ну ка максимизируй exкel,excel
бивис экзель на весь экран,excel
алло увеличь окно эсель,excel
beavis fullscreen exкel,excel
эй бивис fullscreen эксель,excel
бивис максимизируй эксиль,excel
дружище эксль разверни,excel
брух фулл скрин exкel,excel
эй бивис увеличь окно eксcel,excel
дружище эксиль на весь экран,excel
брух фулл скрин eксcel,excel
ну ка на весь экран экзель,excel
дружище увеличь окно эксиль,excel
beavis раскрой эксель,excel
слушай eксcel разверни,excel
брух максимизируй экзель,excel
beavis на весь экран excel,excel
бивис разверни на весь экран эсель,excel
слушай разверни на весь экран эксель,excel
эй бивис во весь экран excel,excel
эй бивис увеличь окно эксель,excel
слушай фулл скрин эсель,excel
дружище fullscreen excel,excel
слушай fullscreen эсель,excel
алло разверни эксиль,excel
алло на весь экран экзель,excel
beavis фулл скрин эксель,excel
ну ка раскрой excel,excel
брух во весь экран эсель,excel
эй бивис сделай exкel на весь экран,excel
beavis разверни эксль,excel
эй бивис увеличь окно эксль,excel
дружище excel на весь экран,excel
beavis разверни окно exкel,excel
beavis разверни эксель,excel
бивис exкel разверни,excel
слушай максимизируй excel,excel
ну ка разверни окно эксиль,excel
fullscreen эксль,excel
алло на весь экран эксиль,excel
слушай на весь экран эксиль,excel
beavis разверни на весь экран excel,excel
дружище разверни окно эксиль,excel
beavis увеличь окно excel,excel
ну ка разверни на весь экран excel,excel
дружище увеличь окно экзель,excel
ну ка увеличь окно эсель,excel
ну ка fullscreen эксель,excel
дружище разверни эксиль,excel
дружище fullscreen эксель,excel
бивис разверни экзель,excel
слушай эксль на весь экран,excel
алло фулл скрин экзель,excel
ну ка сделай эксель на весь экран,excel
эй бивис на весь экран эксель,excel
алло разверни окно эксиль,excel
ну ка во весь экран эсель,excel
бивис фулл скрин эксиль,excel
ну ка разверни окно эксль,excel
слушай разверни окно эксль,excel
алло разверни окно экзель,excel
слушай разверни на весь экран эксиль,excel
ну ка фулл скрин эксель,excel
слушай сделай excel на весь экран,excel
дружище fullscreen эксиль,excel
ну ка эксиль на весь экран,excel
эй бивис максимизируй eксcel,excel
алло разверни на весь экран eксcel,excel
ну ка разверни excel,excel
дружище максимизируй эксиль,excel
beavis разверни эсель,excel
алло раскрой эсель,excel
экзель разверни,excel
брух эксиль разверни,excel
алло на весь экран excel,excel
на весь экран eксcel,excel
алло разверни окно exкel,excel
эй бивис сделай эксль на весь экран,excel
эй бивис увеличь окно эксиль,excel
брух на весь экран экзель,excel
beavis во весь экран eксcel,excel
ну ка увеличь окно экзель,excel
дружище на весь экран exкel,excel
бивис сделай экзель на весь экран,excel
бивис раскрой эсель,excel
beavis эсель на весь экран,excel
excel на весь экран,excel
слушай максимизируй эсель,excel
ну ка разверни на весь экран экзель,excel
разверни на весь экран exкel,excel
дружище fullscreen экзель,excel
ну ка на весь экран эсель,excel
эсель разверни,excel
дружище разверни на весь экран эсель,excel
дружище fullscreen эсель,excel
слушай excel разверни,excel
ну ка фулл скрин excel,excel
слушай открой обратно эксиль,excel
beavis разверни обратно экзель,excel
верни окно эксль,excel
ну ка восстанови окно excel,excel
дружище верни эсель,excel
beavis разверни обратно эсель,excel
бивис верни окно эксель,excel
beavis покажи обратно эксль,excel
верни как было excel,excel
эй бивис разверни обратно eксcel,excel
слушай восстанови окно эксль,excel
эй бивис верни на экран эксиль,excel
открой обратно эксель,excel
верни на экран эксль,excel
эй бивис восстанови excel,excel
beavis верни эсель,excel
алло восстанови окно эксель,excel
алло excel восстанови,excel
разверни обратно эксель,excel
дружище верни как было eксcel,excel
алло верни как было экзель,excel
алло покажи обратно эксль,excel
восстанови окно эксиль,excel
алло разверни обратно excel,excel
брух верни на экран экзель,excel
дружище восстанови окно exкel,excel
брух exкel верни,excel
beavis покажи обратно эксиль,excel
ну ка верни эксиль,excel
восстанови окно exкel,excel
ну ка разверни обратно excel,excel
beavis восстанови окно экзель,excel
beavis открой обратно эсель,excel
эй бивис восстанови эксль,excel
алло экзель восстанови,excel
ну ка верни на экран excel,excel
алло открой обратно эксель,excel
брух eксcel восстанови,excel
покажи обратно exкel,excel
слушай открой обратно eксcel,excel
слушай верни экзель,excel
дружище eксcel восстанови,excel
дружище верни на экран эксль,excel
бивис эксль верни,excel
дружище экзель верни,excel
слушай восстанови эксель,excel
восстанови экзель,excel
алло разверни обратно экзель,excel
дружище экзель восстанови,excel
дружище верни эксиль,excel
слушай открой обратно эксль,excel
слушай покажи обратно эксель,excel
брух эсель восстанови,excel
дружище восстанови окно эксиль,excel
дружище exкel восстанови,excel
брух восстанови эксиль,excel
брух экзель верни,excel
алло эксль верни,excel
дружище достань эсель,excel
алло восстанови окно экзель,excel
эй бивис восстанови exкel,excel
брух верни эксль,excel
бивис верни exкel,excel
слушай верни excel,excel
дружище верни excel,excel
бивис верни на экран excel,excel
бивис эксиль верни,excel
бивис эксль восстанови,excel
beavis покажи обратно эсель,excel
эй бивис верни окно эсель,excel
алло открой обратно eксcel,excel
ну ка открой обратно эксель,excel
beavis достань эксиль,excel
эй бивис экзель восстанови,excel
beavis exкel восстанови,excel
алло достань eксcel,excel
бивис восстанови окно eксcel,excel
beavis верни эксиль,excel
брух разверни обратно эксиль,excel
дружище разверни обратно eксcel,excel
ну ка покажи обратно exкel,excel
брух excel восстанови,excel
дружище разверни обратно exкel,excel
бивис достань excel,excel
дружище достань эксель,excel
ну ка верни как было excel,excel
ну ка excel верни,excel
алло достань эксль,excel
алло верни на экран эсель,excel
алло открой обратно exкel,excel
брух верни окно exкel,excel
бивис верни окно eксcel,excel
ну ка эксль верни,excel
ну ка открой обратно excel,excel
дружище покажи обратно эксиль,excel
дружище верни как было эксель,excel
ну ка разверни обратно эксиль,excel
дружище покажи обратно эсель,excel
ну ка эксель верни,excel
ну ка верни на экран экзель,excel
ну ка верни excel,excel
beavis достань эксель,excel
алло достань эксиль,excel
eксcel верни,excel
брух закрой телеграм,telegram
beavis прибей тилеграмм,telegram
слушай убей процесс тг,telegram
ну ка закрой тилега,telegram
beavis прибей telga,telegram
beavis прибей телерамм,telegram
дружище close тилеграмм,telegram
эй бивис заканчивай с тлеграмм,telegram
бивис прибей тг,telegram
дружище заверши tlegram,telegram
брух заверши тлега,telegram
эй бивис хватит телеграмм,telegram
эй бивис закрой нафиг тилеграмм,telegram
дружище снеси teleram,telegram
дружище закрывай эту дг,telegram
алло закрыть тилега,telegram
слушай закрывай телерам,telegram
ну ка заканчивай с делеграмм,telegram
слушай закрой окно тлеграмм,telegram
убери нахрен телега,telegram
ну ка закрой teleram,telegram
close телерам,telegram
алло закрывай эту телеграмм,telegram
алло дг заверши,telegram
снеси teleram,telegram
слушай close телга,telegram
ну ка хватит telga,telegram
брух tlegram закрой,telegram
ну ка прибей tlegram,telegram
эй бивис делеграм заверши,telegram
ну ка выйди из tlega,telegram
брух тг выключи,telegram
брух close тг,telegram
бивис выйди из телга,telegram
ну ка прибей телега,telegram
ну ка закрывай эту тлега,telegram
ну ка закрой окно телерамм,telegram
алло телерамм выключи,telegram
убей процесс тилеграм,telegram
ну ка закрой окно teleram,telegram
бивис снеси telega,telegram
алло выйди из тлега,telegram
ну ка закрывай эту делега,telegram
дружище закрой нафиг тлеграмм,telegram
брух убери нахрен телга,telegram
дружище закрывай эту tlegram,telegram
телерамм заверши,telegram
бивис телерам закрой,telegram
бивис заканчивай с tlegram,telegram
beavis телеграм заверши,telegram
заканчивай с телега,telegram
ну ка тилега выключи,telegram
алло close тилеграм,telegram
дружище закрывай тилега,telegram
слушай закрыть тилеграм,telegram
тг заверши,telegram
слушай снеси тг,telegram
дружище заверши телеграмм,telegram
ну ка телега выключи,telegram
брух выйди из tlegram,telegram
ну ка снеси делеграмм,telegram
дружище закрыть телега,telegram
ну ка закрой нафиг тг,telegram
закрыть тг,telegram
дружище close телеграм,telegram
beavis close tlegram,telegram
дружище убери телеграм полностью,telegram
алло снеси telega,telegram
алло убей процесс тлега,telegram
алло закрой окно телерам,telegram
ну ка закрыть телга,telegram
алло выключи telegram,telegram
дружище хватит тилеграм,telegram
брух выключи тлеграмм,telegram
закрывай эту телерам,telegram
beavis close делега,telegram
ну ка выключи телеграм,telegram
ну ка убери тлега полностью,telegram
close тилеграмм,telegram
beavis закрой telega,telegram
beavis зкрой telegram,telegram
бивис telegram закрой,telegram
убери telga полностью,telegram
дружище заверши дг,telegram
эй бивис закрой телега,telegram
ну ка закрой делеграм,telegram
алло телерам выключи,telegram
брух закрой телеграмм,telegram
дружище убери делеграм полностью,telegram
бивис хватит тилеграм,telegram
beavis заверши тлеграмм,telegram
beavis закрой нафиг тлеграмм,telegram
алло зкрой тлега,telegram
beavis teleram выключи,telegram
ну ка закрой нафиг тилега,telegram
beavis закрой пожалуйста делеграм,telegram
beavis убей процесс дг,telegram
слушай выключи делеграмм,telegram
слушай хватит делеграмм,telegram
дружище close тлега,telegram
слушай снеси делеграмм,telegram
бивис дг заверши,telegram
алло закрой нафиг тилега,telegram
алло снеси делеграм,telegram
слушай kill телерам,telegram
дружище закрой нафиг teleram,telegram
ну ка close tlega,telegram
ну ка снеси делеграм,telegram
эй бивис закрыть телеграм,telegram
beavis убери telegram полностью,telegram
алло телеграм закрой,telegram
ну ка закрыть телега,telegram
ну ка закрой пожалуйста делеграмм,telegram
бивис закрывай telega,telegram
заверши телерам,telegram
слушай убери нахрен telegram,telegram
ну ка выйди из тилега,telegram
дружище телерамм закрой,telegram
эй бивис закрой тилеграм,telegram
алло сверни тилеграмм,telegram
ну ка скрой тлега,telegram
дружище убери tlega с глаз,telegram
эй бивис тлега спрячь,telegram
сверни в панель telega,telegram
beavis скрой делеграмм,telegram
дружище сверни окно телеграмм,telegram
ну ка скрой телга,telegram
сверни пожалуйста tlega,telegram
алло сврени телеграм,telegram
beavis minimize telegram,telegram
beavis сверни teleram,telegram
ну ка сверни окно teleram,telegram
брух сверний делеграм,telegram
отправь telegram вниз,telegram
beavis кинь вниз telega,telegram
эй бивис дг сверни,telegram
telga спрячь,telegram
брух minimize тилеграм,telegram
слушай сверни пожалуйста тилега,telegram
слушай сверни окно тлега,telegram
beavis убери tlegram с глаз,telegram
ну ка убери окно тилега,telegram
дружище убери tlegram с экрана,telegram
скрой telega,telegram
алло minimize телга,telegram
beavis убери тлега с глаз,telegram
эй бивис minimize telega,telegram
beavis делега спрячь,telegram
брух убери телеграм с экрана,telegram
дружище убери тлеграмм с глаз,telegram
убери телерам с экрана,telegram
beavis скрой тилеграм,telegram
beavis minimize tlegram,telegram
слушай кинь вниз telegram,telegram
бивис кинь вниз дг,telegram
дружище telga спрячь,telegram
слушай сверни тилеграм,telegram
бивис делега сверни,telegram
бивис кинь вниз телга,telegram
брух сверни в панель тлеграмм,telegram
сверни в панель телеграм,telegram
beavis сврени тилеграмм,telegram
бивис убери окно телга,telegram
бивис отправь тилега вниз,telegram
бивис отправь делеграм вниз,telegram
слушай убери телерамм с глаз,telegram
слушай телеграмм сверни,telegram
сверни в панель tlegram,telegram
убери окно дг,telegram
слушай убери тилега с экрана,telegram
ну ка minimize телега,telegram
beavis сверни в панель телега,telegram
ну ка сверни в панель телерам,telegram
дружище сверни в панель делега,telegram
эй бивис скрой telegram,telegram
ну ка телга сверни,telegram
дружище сверни тлега,telegram
слушай telga сверни,telegram
алло сверни в панель телерам,telegram
beavis убери окно тлега,telegram
брух сверни tlegram,telegram
алло сврени дг,telegram
алло сверний телега,telegram
убери tlegram с экрана,telegram
ну ка сврени telega,telegram
beavis сверни окно телега,telegram
beavis сверни пожалуйста телеграм,telegram
дружище тилеграм сверни,telegram
алло сверни тлеграмм,telegram
убери окно телега,telegram
beavis сврени telega,telegram
эй бивис убери telega с экрана,telegram
бивис telegram вниз,telegram
сверни окно делеграм,telegram
ну ка кинь вниз telega,telegram
алло убери telga с экрана,telegram
брух спрячь тилега,telegram
слушай тилеграмм сверни,telegram
дружище сверни окно telga,telegram
эй бивис сверний тилеграмм,telegram
сверни в панель тилега,telegram
алло сврени делеграмм,telegram
ну ка кинь вниз teleram,telegram
бивис сверни окно телеграмм,telegram
эй бивис сврени тилеграм,telegram
ну ка отправь тлеграмм вниз,telegram
эй бивис сверни окно telga,telegram
beavis спрячь делега,telegram
ну ка делеграмм сверни,telegram
beavis кинь вниз тилеграм,telegram
дружище убери окно tlega,telegram
слушай убери телга с экрана,telegram
слушай тг сверни,telegram
дружище сверни в панель телерамм,telegram
дружище убери окно тилега,telegram
beavis спрячь тлеграмм,telegram
алло телга вниз,telegram
beavis делеграмм сверни,telegram
дружище убери тг с глаз,telegram
minimize телеграмм,telegram
скрой tlega,telegram
эй бивис сверни окно telegram,telegram
брух сверний телга,telegram
алло minimize телеграм,telegram
слушай делега вниз,telegram
брух спрячь телерамм,telegram
beavis tlega вниз,telegram
алло отправь тг вниз,telegram
брух убери телега с экрана,telegram
дружище убери teleram с экрана,telegram
дружище сврени tlega,telegram
алло сверни тилеграм,telegram
слушай сверни в панель телга,telegram
ну ка на весь экран делеграм,telegram
дружище разверни на весь экран тлега,telegram
дружище разверни tlegram,telegram
дружище fullscreen tlega,telegram
beavis тлега на весь экран,telegram
брух fullscreen телерамм,telegram
beavis разверни тлеграмм,telegram
брух разверни окно tlegram,telegram
ну ка telega разверни,telegram
слушай разверни окно делега,telegram
ну ка сделай делеграм на весь экран,telegram
ну ка увеличь окно делеграмм,telegram
слушай fullscreen тг,telegram
эй бивис максимизируй тлега,telegram
брух сделай делега на весь экран,telegram
ну ка раскрой телерам,telegram
алло разверни на весь экран телерам,telegram
слушай максимизируй телерам,telegram
бивис разверни окно тлега,telegram
разверни делега,telegram
раскрой tlegram,telegram
во весь экран telga,telegram
эй бивис разверни tlega,telegram
алло раскрой телеграмм,telegram
ну ка тилеграмм разверни,telegram
брух во весь экран tlegram,telegram
алло делеграм разверни,telegram
beavis раскрой дг,telegram
сделай тлега на весь экран,telegram
алло разверни на весь экран тилеграм,telegram
дружище раскрой тлеграмм,telegram
эй бивис на весь экран делеграм,telegram
эй бивис teleram разверни,telegram
сделай телеграм на весь экран,telegram
брух фулл скрин telega,telegram
брух разверни telegram,telegram
на весь экран тилеграм,telegram
бивис тг разверни,telegram
разверни на весь экран telega,telegram
beavis фулл скрин tlega,telegram
эй бивис разверни окно тлеграмм,telegram
слушай на весь экран тг,telegram
брух максимизируй телеграм,telegram
слушай телеграмм на весь экран,telegram
ну ка fullscreen тилега,telegram
beavis fullscreen тлеграмм,telegram
telga разверни,telegram
слушай telega на весь экран,telegram
ну ка fullscreen телга,telegram
ну ка разверни окно telegram,telegram
сделай tlegram на весь экран,telegram
дружище максимизируй telga,telegram
ну ка сделай тилеграмм на весь экран,telegram
слушай разверни телерам,telegram
ну ка во весь экран тилега,telegram
beavis максимизируй telega,telegram
эй бивис телерам на весь экран,telegram
эй бивис сделай делеграмм на весь экран,telegram
алло разверни на весь экран telga,telegram
алло сделай телега на весь экран,telegram
алло разверни делеграмм,telegram
эй бивис разверни окно телега,telegram
ну ка во весь экран tlegram,telegram
бивис делега на весь экран,telegram
слушай делеграмм на весь экран,telegram
слушай раскрой тилега,telegram
алло на весь экран телеграмм,telegram
бивис сделай делеграм на весь экран,telegram
слушай teleram на весь экран,telegram
алло во весь экран тлеграмм,telegram
beavis максимизируй делега,telegram
фулл скрин tlegram,telegram
слушай сделай tlega на весь экран,telegram
beavis тлеграмм на весь экран,telegram
алло во весь экран tlega,telegram
алло максимизируй telega,telegram
ну ка делеграм разверни,telegram
разверни тилеграм,telegram
брух сделай тлеграмм на весь экран,telegram
слушай разверни на весь экран tlegram,telegram
эй бивис fullscreen телеграмм,telegram
алло на весь экран телга,telegram
делеграм на весь экран,telegram
разверни на весь экран телга,telegram
beavis раскрой telga,telegram
beavis разверни телега,telegram
брух раскрой тлега,telegram
алло дг разверни,telegram
ну ка разверни телега,telegram
слушай максимизируй tlega,telegram
брух увеличь окно тилеграмм,telegram
дружище сделай tlegram на весь экран,telegram
beavis во весь экран телега,telegram
бивис увеличь окно телеграм,telegram
брух фулл скрин teleram,telegram
эй бивис телега на весь экран,telegram
бивис увеличь окно telega,telegram
брух fullscreen телеграм,telegram
ну ка fullscreen телерам,telegram
бивис увеличь окно telga,telegram
эй бивис максимизируй телга,telegram
алло делега на весь экран,telegram
ну ка на весь экран tlega,telegram
брух увеличь окно telegram,telegram
слушай делеграмм разверни,telegram
бивис во весь экран тилеграмм,telegram
бивис разверни telga,telegram
бивис разверни окно telega,telegram
бивис сделай telegram на весь экран,telegram
beavis на весь экран телеграм,telegram
ну ка разверни окно telga,telegram
бивис сделай тилеграм на весь экран,telegram
beavis фулл скрин telga,telegram
эй бивис максимизируй тг,telegram
бивис во весь экран telegram,telegram
слушай разверни телеграмм,telegram
дружище верни как было телеграмм,telegram
дружище восстанови окно тлега,telegram
алло телеграм восстанови,telegram
алло восстанови тг,telegram
брух разверни обратно делега,telegram
алло восстанови телеграм,telegram
дружище верни как было телега,telegram
брух разверни обратно телеграмм,telegram
бивис открой обратно телерамм,telegram
брух восстанови окно тилеграмм,telegram
ну ка достань тилега,telegram
бивис телерамм восстанови,telegram
брух восстанови окно teleram,telegram
эй бивис тг верни,telegram
алло восстанови окно тлеграмм,telegram
слушай восстанови окно telega,telegram
ну ка верни окно дг,telegram
слушай верни на экран дг,telegram
слушай верни делега,telegram
эй бивис верни на экран telega,telegram
beavis верни как было телерамм,telegram
слушай достань телеграмм,telegram
алло восстанови окно tlega,telegram
брух верни как было tlegram,telegram
бивис верни окно telga,telegram
эй бивис верни тлеграмм,telegram
слушай верни телерам,telegram
beavis телга верни,telegram
брух tlega восстанови,telegram
ну ка верни окно тилеграм,telegram
эй бивис tlegram восстанови,telegram
брух восстанови окно telga,telegram
ну ка верни окно телега,telegram
слушай верни как было делеграмм,telegram
эй бивис покажи обратно телга,telegram
дружище тилега верни,telegram
алло разверни обратно тилеграм,telegram
бивис верни телерамм,telegram
telega верни,telegram
дружище верни на экран телега,telegram
брух открой обратно дг,telegram
слушай тлега верни,telegram
брух верни телеграм,telegram
алло достань телга,telegram
ну ка тилеграм верни,telegram
алло верни на экран тг,telegram
бивис телерам восстанови,telegram
слушай восстанови окно телга,telegram
эй бивис верни как было тилеграмм,telegram
дружище восстанови окно telegram,telegram
эй бивис разверни обратно telegram,telegram
бивис tlega верни,telegram
открой обратно делега,telegram
бивис верни окно tlegram,telegram
ну ка восстанови окно телега,telegram
beavis telga восстанови,telegram
эй бивис телеграм верни,telegram
бивис достань телега,telegram
верни окно делеграмм,telegram
слушай верни как было telga,telegram
бивис достань телерам,telegram
ну ка разверни обратно teleram,telegram
дружище покажи обратно тилеграмм,telegram
бивис верни как было тилеграм,telegram
брух восстанови teleram,telegram
брух покажи обратно тилега,telegram
beavis восстанови телеграм,telegram
эй бивис восстанови тилеграмм,telegram
алло разверни обратно телега,telegram
бивис дг верни,telegram
алло покажи обратно тилеграмм,telegram
брух разверни обратно тилеграмм,telegram
брух верни окно дг,telegram
ну ка верни окно telega,telegram
восстанови делеграм,telegram
ну ка тг верни,telegram
beavis покажи обратно tlegram,telegram
ну ка достань тилеграм,telegram
покажи обратно делеграмм,telegram
эй бивис верни как было telega,telegram
покажи обратно тлеграмм,telegram
слушай верни делеграм,telegram
ну ка верни тг,telegram
дружище покажи обратно телега,telegram
дружище верни как было дг,telegram
алло покажи обратно дг,telegram
бивис достань делега,telegram
ну ка тлеграмм верни,telegram
beavis верни окно тлеграмм,telegram
дружище восстанови делеграмм,telegram
разверни обратно telga,telegram
beavis разверни обратно telega,telegram
слушай верни на экран тилеграмм,telegram
ну ка верни окно тилега,telegram
ну ка верни как было делега,telegram
ну ка восстанови окно делеграм,telegram
слушай разверни обратно телерам,telegram
ну ка верни на экран телеграм,telegram
эй бивис верни на экран телега,telegram
алло разверни обратно telega,telegram
брух восстанови тг,telegram
ну ка разверни обратно telegram,telegram
дружище покажи обратно teleram,telegram
эй бивис открой обратно делеграмм,telegram
ну ка тлега верни,telegram
бивис восстанови окно tlega,telegram
брух верни на экран делега,telegram
дружище разверни обратно тилеграмм,telegram
алло разверни обратно делега,telegram
beavis верни на экран tlega,telegram
слушай восстанови телга,telegram
разверни обратно тг,telegram
beavis разверни обратно тлега,telegram
слушай закрыть ее,current
beavis закрывай активную программу,current
алло закрой текущее,current
дружище это окно закрой,current
закрывай текущий экран,current
брух выйди отсюда,current
beavis закрой приложение,current
beavis закрой пожалуйста текущий экран,current
слушай закрой тут,current
бивис закрой пожалуйста текущую программу,current
ну ка это закрой,current
алло зактни это,current
эй бивис закрой активное,current
брух зактни это,current
ну ка закрой пожалуйста активное окно,current
брух убери это полностью,current
дружище закрой тут,current
эй бивис закрывай активное окно,current
дружище его закрывай,current
дружище закрой активную программу полностью,current
beavis закрой пожалуйста активную программу,current
дружище закрыть программу,current
ну ка закрой это окно полностью,current
дружище зактни это,current
эй бивис ее закрывай,current
дружище закрой активное,current
дружище закрыть её,current
эй бивис закрыть текущий экран,current
ну ка закрой активное,current
алло закрой программу полностью,current
закрой пожалуйста текущее окно,current
эй бивис закрой текущее,current
слушай закрой активное приложение,current
алло закрывай активное приложение,current
ну ка закрывай текущее окно,current
эй бивис закрой активное приложение полностью,current
слушай закрывай приложение,current
ну ка закрой текущее,current
дружище закрой пожалуйста её,current
ну ка kill current window,current
алло закрой пожалуйста программу,current
слушай закрой активное окно,current
ну ка зактни это,current
брух закрой окно полностью,current
слушай закрой текущее окно полностью,current
брух закрой ее полностью,current
эй бивис kill current window,current
приложение закрывай,current
алло закрыть её,current
слушай закрой ее,current
активную программу закрывай,current
ну ка закрой тут,current
дружище закрыть текущую программу,current
алло закрой это полностью,current
алло убери это полностью,current
алло закрой активное,current
beavis закрыть программу,current
брух это закрой,current
ну ка закрыть её,current
брух закрой пожалуйста программу,current
брух закрой это,current
beavis закрой приложение полностью,current
алло закрыть его,current
алло активное окно закрой,current
beavis закрывай активное приложение,current
дружище это закрывай,current
beavis закрой активную программу полностью,current
beavis активное приложение закрывай,current
закрывай это окно,current
дружище убери это полностью,current
алло закрывай активное окно,current
дружище текущий экран закрывай,current
окно закрывай,current
дружище выйди отсюда,current
дружище закрывай окно,current
слушай закрой программу полностью,current
алло его закрой,current
эй бивис это окно закрывай,current
бивис текущую программу закрывай,current
брух закрой это полностью,current
дружище закрой активное окно,current
слушай текущую программу закрой,current
дружище закрыть окно,current
дружище закрой пожалуйста это,current
брух закрыть активную программу,current
дружище kill current window,current
алло программу закрывай,current
beavis текущий экран закрой,current
алло закрой тут,current
ну ка закрыть активную программу,current
алло выйди отсюда,current
ну ка убери это полностью,current
дружище закрой её полностью,current
ну ка выйди отсюда,current
брух закрой это окно,current
ну ка текущее окно закрой,current
закрыть активное приложение,current
ну ка закрой её полностью,current
слушай это закрывай,current
эй бивис закрывай текущую программу,current
брух программу закрой,current
ну ка закрой это,current
ну ка закрой текущий экран,current
алло закрывай текущий экран,current
ну ка закрывай программу,current
beavis активную программу закрой,current
алло это окно закрой,current
закрой пожалуйста его,current
ну ка закрой это окно,current
бивис закрыть текущее окно,current
алло kill current window,current
закрыть активное окно,current
брух закрыть текущую программу,current
эй бивис это окно закрой,current
ну ка закрывай это окно,current
ну ка закрой пожалуйста активную программу,current
алло закрой пожалуйста текущий экран,current
алло закрой текущую программу полностью,current
ну ка приложение закрывай,current
алло закрыть это окно,current
дружище закрывай активную программу,current
дружище активное окно закрывай,current
слушай закрой его полностью,current
beavis закрой окно,current
ну ка закрой пожалуйста его,current
брух закрывай программу,current
ну ка закрывай текущий экран,current
эй бивис закрыть приложение,current
бивис закрыть окно,current
алло закрой пожалуйста это,current
бивис закрой это окно полностью,current
дружище закрой активное приложение полностью,current
алло её закрывай,current
алло закрой пожалуйста её,current
ну ка закрой пожалуйста её,current
эй бивис закрывай ее,current
дружище закрой текущее,current
бивис приложение закрой,current
дружище закрыть текущий экран,current
эй бивис закрой текущую программу полностью,current
ну ка закрывай активное приложение,current
ну ка закрой текущее окно полностью,current
ну ка программу закрывай,current
эй бивис закрыть это окно,current
алло закрывай активную программу,current
дружище это закрой,current
ну ка его закрывай,current
слушай закрывай его,current
дружище активное приложение закрывай,current
ну ка закрыть окно,current
ну ка это окно закрывай,current
алло закрывай текущую программу,current
бивис закрывай это,current
ну ка закрыть это,current
дружище его закрой,current
дружище закрой окно полностью,current
слушай активное окно закрой,current
дружище закрой пожалуйста активную программу,current
ну ка закрой пожалуйста текущее окно,current
эй бивис текущее окно закрывай,current
дружище текущую программу закрывай,current
брух закрой активное окно полностью,current
активное приложение закрой,current
дружище её закрывай,current
алло закрой пожалуйста его,current
дружище закрой активное приложение,current
дружище закрыть его,current
ну ка окно закрывай,current
ну ка программу закрой,current
дружище активную программу закрывай,current
ну ка закрой его полностью,current
брух текущий экран закрывай,current
алло закрой текущее окно полностью,current
дружище окно закрывай,current
эй бивис закрыть это,current
алло закрывай это,current
ну ка закрыть активное приложение,current
дружище закрой пожалуйста его,current
ну ка закрой активное приложение полностью,current
ну ка закрой пожалуйста приложение,current
брух активное окно закрывай,current
слушай её закрой,current
дружище приложение закрывай,current
beavis его закрывай,current
алло это закрой,current
его закрой,current
дружище закрывай его,current
брух программу закрывай,current
дружище закрыть приложение,current
алло это окно закрывай,current
окно закрой,current
дружище закрой текущую программу полностью,current
ну ка закрой пожалуйста активное приложение,current
дружище закрой пожалуйста текущую программу,current
дружище закрой пожалуйста текущее окно,current
ну ка текущий экран закрой,current
алло закрыть приложение,current
дружище закрыть активное приложение,current
дружище закрой его полностью,current
дружище это окно закрывай,current
дружище закрывай активное окно,current
дружище закрывай это,current
слушай закрыть его,current
дружище закрывай приложение,current
дружище закрыть текущее окно,current
дружище закрой текущий экран полностью,current
алло закрывай это окно,current
алло активное окно закрывай,current
дружище текущее окно закрывай,current
брух закрывай окно,current
ну ка активное окно закрой,current
дружище текущий экран закрой,current
алло закрыть текущее окно,current
дружище закрой это окно,current
ну ка закрой текущую программу полностью,current
дружище закрой приложение полностью,current
ну ка ее закрой,current
алло окно закрой,current
дружище закрой приложение,current
закрывай текущее окно,current
алло закрывай окно,current
алло закрой её полностью,current
алло активное приложение закрой,current
ну ка закрывай активную программу,current
ну ка это закрывай,current
дружище текущее окно закрой,current
алло закрыть это,current
beavis текущее окно закрой,current
ну ка закрой пожалуйста программу,current
алло её закрой,current
ну ка его закрой,current
ну ка закрой пожалуйста окно,current
дружище закрой текущее окно полностью,current
ну ка закрыть его,current
дружище закрой пожалуйста текущий экран,current
дружище программу закрывай,current
ну ка закрыть текущее окно,current
алло закрывай приложение,current
алло закрой это окно полностью,current
алло его закрывай,current
алло закрой активное приложение полностью,current
ну ка закрывай ее,current
дружище закрыть активное окно,current
алло закрывай текущее окно,current
дружище активное окно закрой,current
ну ка активное приложение закрывай,current
алло закрыть текущую программу,current
ну ка закрой текущий экран полностью,current
дружище закрой это окно полностью,current
эй бивис закрой текущий экран полностью,current
ну ка активную программу закрой,current
дружище закрывай текущее окно,current
ну ка закрой текущую программу,current
ну ка закрыть это окно,current
алло приложение закрывай,current
алло закрой текущий экран полностью,current
алло закрой пожалуйста текущую программу,current
алло закрой окно,current
ну ка закрой окно полностью,current
ну ка текущую программу закрывай,current
алло закрой пожалуйста текущее окно,current
алло закрывай его,current
дружище активную программу закрой,current
алло закрой приложение,current
алло это закрывай,current
алло закрыть активное приложение,current
дружище закрыть это окно,current
алло текущую программу закрывай,current
ну ка окно закрой,current
ну ка текущий экран закрывай,current
алло окно закрывай,current
алло активное приложение закрывай,current
алло закрой пожалуйста активное приложение,current
алло текущий экран закрывай,current
алло закрой пожалуйста это окно,current
дружище закрой программу полностью,current
алло текущий экран закрой,current
дружище закрывай активное приложение,current
алло закрой окно полностью,current
ну ка закрывай приложение,current
дружище закрой это полностью,current
алло закрой приложение полностью,current
дружище программу закрой,current
дружище закрой пожалуйста окно,current
ну ка текущую программу закрой,current
beavis программу фулл скрин,current
дружище фулл скрин,current
слушай максимизируй её,current
beavis во весь экран,current
брух разверни на весь экран,current
ну ка maximize current,current
брух фулл скрин,current
алло разверни текущий экран,current
эй бивис разверни текущую программу,current
алло фулл скрин,current
бивис maximize current,current
дружище сделай текущий экран на весь экран,current
эй бивис сделай текущий экран на весь экран,current
слушай программу fullscreen,current
beavis максимизируй активное окно,current
активное окно fullscreen,current
брух увеличь приложение,current
бивис его во весь экран,current
эй бивис раскрой его,current
бивис разверни программу на весь экран,current
бивис это окно fullscreen,current
дружище ее во весь экран,current
дружище максимизируй его,current
брух раскрой активную программу,current
брух сделай на весь экран,current
эй бивис разверни текущую программу на весь экран,current
слушай разверни окно,current
алло maximize current,current
брух максимизируй приложение,current
алло сделай активное приложение на весь экран,current
дружище активную программу fullscreen,current
алло разверни на весь экран,current
алло во весь экран,current
beavis сделай ее на весь экран,current
сделай текущую программу на весь экран,current
дружище сделай активное приложение на весь экран,current
слушай разверни это окно,current
ну ка разверни текущий экран на весь экран,current
брух активную программу во весь экран,current
слушай сделай окно на весь экран,current
beavis увеличь текущее окно,current
эй бивис сделай это на весь экран,current
дружище это окно во весь экран,current
дружище это окно фулл скрин,current
алло это окно фулл скрин,current
эй бивис раскрой программу,current
бивис увеличь ее,current
слушай сделай активное приложение на весь экран,current
активное окно фулл скрин,current
слушай текущее окно фулл скрин,current
бивис приложение фулл скрин,current
beavis увеличь это окно,current
эй бивис разверни её на весь экран,current
это окно фулл скрин,current
текущее окно fullscreen,current
слушай разверни его,current
ну ка максимизируй её,current
слушай разверни активное приложение,current
эй бивис разверни приложение на весь экран,current
бивис сделай активное окно на весь экран,current
эй бивис разверни программу,current
дружище максимизируй активное приложение,current
дружище maximize current,current
ну ка во весь экран,current
дружище разверни текущую программу,current
бивис активное окно во весь экран,current
ну ка максимизируй текущий экран,current
ну ка увеличь текущую программу,current
брух приложение во весь экран,current
алло раскрой текущее окно,current
beavis раскрой её,current
алло разверни окно,current
бивис окно fullscreen,current
слушай это фулл скрин,current
алло раскрой это окно,current
текущее окно во весь экран,current
текущую программу fullscreen,current
активное приложение fullscreen,current
дружище раскрой активную программу,current
брух увеличь активное окно,current
брух разверни текущее окно на весь экран,current
бивис увеличь его,current
дружище во весь экран,current
дружище разверни это на весь экран,current
эй бивис ее фулл скрин,current
ну ка текущее окно фулл скрин,current
дружище активное приложение во весь экран,current
увеличь текущую программу,current
ну ка разверни на весь экран,current
дружище текущую программу фулл скрин,current
алло увеличь окно,current
бивис максимизируй это,current
дружище сделай на весь экран,current
слушай раскрой активное приложение,current
дружище увеличь окно,current
дружище максимизируй ее,current
дружище разверни текущий экран,current
алло разверни активную программу на весь экран,current
слушай текущий экран fullscreen,current
алло сделай на весь экран,current
эй бивис раскрой окно,current
алло разверни текущий экран на весь экран,current
дружище программу во весь экран,current
дружище раскрой её,current
бивис его фулл скрин,current
ну ка сделай ее на весь экран,current
эй бивис разверни приложение,current
ну ка разверни активное приложение,current
ну ка разверни активное окно на весь экран,current
брух раскрой текущее окно,current
алло это fullscreen,current
дружище это fullscreen,current
алло активное приложение во весь экран,current
дружище разверни активную программу на весь экран,current
ну ка текущее окно во весь экран,current
бивис сделай программу на весь экран,current
дружище приложение фулл скрин,current
ну ка раскрой текущее окно,current
слушай сделай приложение на весь экран,current
алло текущий экран fullscreen,current
эй бивис разверни окно на весь экран,current
бивис разверни текущее окно,current
приложение fullscreen,current
брух активное приложение фулл скрин,current
ну ка сделай на весь экран,current
увеличь активную программу,current
разверни её,current
бивис текущий экран во весь экран,current
эй бивис разверни его на весь экран,current
ну ка её фулл скрин,current
дружище увеличь текущее окно,current
алло разверни это на весь экран,current
дружище увеличь его,current
эй бивис раскрой это окно,current
дружище программу фулл скрин,current
ну ка разверни её,current
алло разверни активную программу,current
бивис текущую программу фулл скрин,current
ну ка её во весь экран,current
дружище разверни его,current
максимизируй текущее окно,current
алло это окно во весь экран,current
алло его во весь экран,current
ну ка увеличь текущее окно,current
ну ка её fullscreen,current
дружище увеличь приложение,current
beavis разверни текущий экран,current
дружище разверни текущее окно на весь экран,current
дружище разверни на весь экран,current
ну ка окно fullscreen,current
эй бивис увеличь текущий экран,current
ну ка текущий экран фулл скрин,current
ну ка разверни приложение на весь экран,current
разверни текущий экран на весь экран,current
дружище активное окно во весь экран,current
beavis разверни это на весь экран,current
beavis это во весь экран,current
ну ка приложение во весь экран,current
дружище сделай её на весь экран,current
ну ка разверни текущее окно,current
брух окно во весь экран,current
ну ка это окно fullscreen,current
бивис ее fullscreen,current
эй бивис максимизируй окно,current
ну ка разверни текущее окно на весь экран,current
дружище активное окно фулл скрин,current
дружище текущее окно фулл скрин,current
брух активную программу фулл скрин,current
алло разверни текущее окно,current
дружище разверни текущую программу на весь экран,current
дружище активное приложение fullscreen,current
дружище увеличь её,current
эй бивис разверни активную программу на весь экран,current
слушай разверни активное окно,current
слушай его fullscreen,current
дружище разверни её на весь экран,current
алло программу фулл скрин,current
алло текущую программу во весь экран,current
брух сделай текущее окно на весь экран,current
beavis сделай это окно на весь экран,current
эй бивис увеличь программу,current
алло разверни приложение,current
алло сделай активную программу на весь экран,current
слушай это окно во весь экран,current
beavis максимизируй его,current
алло увеличь текущую программу,current
ну ка раскрой ее,current
ну ка активное окно fullscreen,current
эй бивис окно фулл скрин,current
брух сделай активную программу на весь экран,current
бивис раскрой текущую программу,current
дружище максимизируй это окно,current
ну ка активную программу fullscreen,current
брух раскрой приложение,current
максимизируй текущую программу,current
слушай максимизируй текущий экран,current
эй бивис разверни активное окно на весь экран,current
слушай увеличь активное приложение,current
алло окно во весь экран,current
алло максимизируй активную программу,current
дружище увеличь активное окно,current
дружище максимизируй текущий экран,current
бивис разверни это,current
ну ка разверни окно,current
текущую программу во весь экран,current
ну ка разверни приложение,current
ну ка фулл скрин,current
алло приложение fullscreen,current
дружище разверни активное приложение,current
ну ка раскрой его,current
алло разверни программу на весь экран,current
дружище текущий экран фулл скрин,current
алло разверни программу,current
бивис это fullscreen,current
дружище приложение fullscreen,current
ну ка разверни ее на весь экран,current
ну ка программу fullscreen,current
ну ка сделай его на весь экран,current
beavis активное приложение во весь экран,current
ну ка активное приложение во весь экран,current
алло сделай программу на весь экран,current
раскрой активное окно,current
её во весь экран,current
эй бивис увеличь окно,current
ну ка разверни активную программу,current
дружище разверни его на весь экран,current
алло увеличь активную программу,current
алло активную программу во весь экран,current
алло максимизируй программу,current
алло текущее окно fullscreen,current
эй бивис раскрой это,current
дружище её фулл скрин,current
дружище сделай это на весь экран,current
брух разверни это окно на весь экран,current
алло приложение фулл скрин,current
дружище раскрой активное окно,current
beavis увеличь это,current
слушай раскрой текущий экран,current
ну ка разверни это окно,current
ну ка активное окно фулл скрин,current
дружище текущий экран во весь экран,current
алло активное окно fullscreen,current
алло сделай ее на весь экран,current
ну ка текущую программу фулл скрин,current
ну ка сделай текущий экран на весь экран,current
ну ка текущую программу fullscreen,current
дружище раскрой его,current
дружище раскрой программу,current
алло активную программу fullscreen,current
дружище раскрой это окно,current
алло максимизируй текущую программу,current
дружище разверни ее,current
beavis разверни активную программу,current
ну ка разверни окно на весь экран,current
дружище максимизируй окно,current
ну ка сделай активное окно на весь экран,current
дружище разверни окно на весь экран,current
алло максимизируй её,current
ну ка максимизируй программу,current
дружище сделай активную программу на весь экран,current
бивис текущий экран фулл скрин,current
алло сделай это на весь экран,current
слушай программу во весь экран,current
брух максимизируй активное приложение,current
дружище разверни программу на весь экран,current
алло увеличь активное приложение,current
дружище максимизируй приложение,current
алло сделай приложение на весь экран,current
алло максимизируй это,current
ну ка увеличь текущий экран,current
слушай максимизируй это окно,current
алло раскрой текущий экран,current
дружище сделай текущее окно на весь экран,current
алло сделай текущее окно на весь экран,current
дружище увеличь текущий экран,current
алло разверни активное приложение,current
ну ка сделай текущее окно на весь экран,current
слушай активную программу fullscreen,current
алло увеличь активное окно,current
алло ее фулл скрин,current
алло это окно fullscreen,current
бивис максимизируй активную программу,current
алло сделай его на весь экран,current
дружище текущее окно во весь экран,current
алло разверни это окно на весь экран,current
дружище увеличь активную программу,current
алло раскрой её,current
алло разверни ее,current
ну ка максимизируй активную программу,current
дружище это фулл скрин,current
бивис сделай его на весь экран,current
ну ка увеличь ее,current
ну ка это фулл скрин,current
алло активное окно во весь экран,current
алло ее fullscreen,current
дружище максимизируй активную программу,current
слушай максимизируй программу,current
дружище сделай текущую программу на весь экран,current
ну ка раскрой текущую программу,current
дружище разверни текущий экран на весь экран,current
дружище разверни это окно на весь экран,current
ну ка его фулл скрин,current
алло разверни текущую программу на весь экран,current
ну ка разверни это на весь экран,current
алло сделай окно на весь экран,current
дружище сделай программу на весь экран,current
дружище сделай окно на весь экран,current
ну ка текущую программу во весь экран,current
алло раскрой активную программу,current
алло текущую программу фулл скрин,current
ну ка разверни текущую программу на весь экран,current
алло это во весь экран,current
алло разверни ее на весь экран,current
дружище раскрой текущий экран,current
дружище максимизируй текущую программу,current
алло разверни текущее окно на весь экран,current
алло окно fullscreen,current
ну ка текущий экран во весь экран,current
дружище разверни программу,current
ну ка максимизируй это,current
ну ка увеличь активное окно,current
дружище приложение во весь экран,current
ну ка программу фулл скрин,current
дружище разверни это окно,current
ну ка увеличь приложение,current
алло максимизируй текущее окно,current
ну ка сделай программу на весь экран,current
ну ка программу во весь экран,current
алло разверни активное приложение на весь экран,current
алло его фулл скрин,current
алло ее во весь экран,current
дружище раскрой это,current
бивис разверни активное приложение на весь экран,current
алло увеличь это окно,current
алло разверни окно на весь экран,current
алло разверни его,current
дружище максимизируй это,current
дружище активное окно fullscreen,current
ну ка текущий экран fullscreen,current
алло это фулл скрин,current
ну ка сделай активное приложение на весь экран,current
дружище разверни текущее окно,current
ну ка увеличь активное приложение,current
дружище максимизируй текущее окно,current
дружище раскрой окно,current
дружище активную программу фулл скрин,current
дружище программу fullscreen,current
алло окно фулл скрин,current
ну ка сделай текущую программу на весь экран,current
ну ка максимизируй окно,current
ну ка увеличь программу,current
ну ка это окно фулл скрин,current
алло раскрой текущую программу,current
алло сделай активное окно на весь экран,current
алло разверни активное окно на весь экран,current
алло раскрой активное приложение,current
дружище его fullscreen,current
ну ка разверни активную программу на весь экран,current
ну ка текущее окно fullscreen,current
алло максимизируй текущий экран,current
дружище текущую программу fullscreen,current
ну ка это fullscreen,current
алло раскрой программу,current
ну ка сделай это окно на весь экран,current
дружище активное приложение фулл скрин,current
дружище разверни окно,current
дружище раскрой текущее окно,current
ну ка разверни текущую программу,current
ну ка раскрой текущий экран,current
ну ка активное приложение fullscreen,current
ну ка раскрой программу,current
ну ка окно фулл скрин,current
слушай minimize current,current
сверни это окно,current
эй бивис спрячь текущий экран,current
слушай скрой это,current
брух спрячь текущее окно,current
брух кинь вниз приложение,current
брух сверни текущее,current
ну ка minimize current,current
beavis убери вниз,current
алло сверни текущее,current
бивис сверни программу вниз,current
ну ка сверни текущую программу вниз,current
алло спрячь активное приложение,current
дружище сверни текущее,current
эй бивис программу спрячь,current
алло скрой это,current
дружище кинь текущее окно вниз,current
брух сверни это,current
бивис сверни пожалуйста активную программу,current
ну ка кинь его вниз,current
дружище активное приложение спрячь,current
сверни текущую программу,current
ну ка кинь вниз активное окно,current
ну ка убери ее с экрана,current
дружище сверни пожалуйста программу,current
дружище кинь это окно вниз,current
дружище сверни активное окно вниз,current
бивис кинь вниз ее,current
ну ка скрой это,current
beavis убери активное окно с экрана,current
бивис убери текущую программу с экрана,current
эй бивис сверни пожалуйста текущее окно,current
брух сверни текущий экран вниз,current
бивис убери текущий экран с экрана,current
спрячь это окно,current
бивис спрячь ее,current
ну ка окно спрячь,current
дружище сверни окно,current
слушай кинь вниз это окно,current
брух текущее окно спрячь,current
эй бивис сверни пожалуйста её,current
дружище спрячь текущий экран,current
дружище окно спрячь,current
слушай сверни текущее окно вниз,current
эй бивис кинь вниз текущее окно,current
брух кинь вниз его,current
алло сверни его вниз,current
брух спрячь приложение,current
бивис кинь активную программу вниз,current
дружище сверни пожалуйста приложение,current
слушай сверни активную программу вниз,current
алло minimize current,current
брух убери ее с экрана,current
алло убери активную программу с экрана,current
ну ка кинь вниз её,current
ну ка убери вниз,current
дружище сверни текущую программу,current
ну ка кинь вниз активное приложение,current
алло убери её с экрана,current
бивис кинь программу вниз,current
бивис сверни пожалуйста окно,current
ну ка убери приложение с экрана,current
алло программу спрячь,current
дружище сверни его вниз,current
дружище скрой это,current
слушай кинь вниз текущую программу,current
слушай кинь активное приложение вниз,current
слушай убери это окно с экрана,current
слушай спрячь окно,current
алло убери активное приложение с экрана,current
дружище сверни её вниз,current
алло спрячь это окно,current
эй бивис кинь вниз окно,current
брух сверни текущий экран,current
бивис убери текущее окно с экрана,current
алло кинь окно вниз,current
бивис сверни его,current
дружище активную программу спрячь,current
дружище текущую программу спрячь,current
ну ка сверни текущее,current
алло кинь активную программу вниз,current
дружище спрячь это,current
дружище minimize current,current
дружище убери вниз,current
алло спрячь активное окно,current
ну ка кинь её вниз,current
брух сверни приложение вниз,current
слушай сверни ее вниз,current
слушай сверни пожалуйста приложение,current
beavis кинь это окно вниз,current
ну ка активную программу спрячь,current
эй бивис сверни пожалуйста активное окно,current
слушай сверни пожалуйста активное приложение,current
эй бивис кинь текущее окно вниз,current
beavis убери его с экрана,current
ну ка спрячь это окно,current
алло сверни это,current
дружище спрячь её,current
beavis спрячь активное приложение,current
дружище спрячь это окно,current
бивис убери активную программу с экрана,current
брух спрячь активную программу,current
бивис сверни окно вниз,current
эй бивис сверни активное окно вниз,current
слушай текущую программу спрячь,current
beavis кинь вниз программу,current
дружище сверни активную программу,current
бивис кинь приложение вниз,current
слушай кинь текущий экран вниз,current
дружище сверни её,current
алло сверни пожалуйста активную программу,current
алло спрячь её,current
бивис кинь активное окно вниз,current
ее спрячь,current
слушай кинь текущую программу вниз,current
брух сверни это окно вниз,current
алло убери окно с экрана,current
ну ка это окно спрячь,current
алло сверни пожалуйста текущую программу,current
бивис спрячь его,current
бивис кинь ее вниз,current
брух приложение спрячь,current
слушай спрячь это,current
брух текущий экран спрячь,current
алло сверни пожалуйста ее,current
ну ка сверни его,current
ну ка сверни пожалуйста текущий экран,current
алло кинь программу вниз,current
слушай кинь вниз активное окно,current
алло убери вниз,current
эй бивис кинь его вниз,current
beavis кинь вниз это,current
дружище убери окно с экрана,current
дружище кинь вниз окно,current
beavis это спрячь,current
слушай убери окно с экрана,current
алло сверни текущий экран,current
алло спрячь активную программу,current
алло спрячь текущее окно,current
слушай активное приложение спрячь,current
дружище убери его с экрана,current
дружище сверни текущее окно вниз,current
алло сверни активную программу вниз,current
ну ка его спрячь,current
дружище сверни пожалуйста это,current
дружище сверни активную программу вниз,current
дружище кинь активное окно вниз,current
алло сверни активное приложение вниз,current
дружище кинь вниз активное приложение,current
ну ка спрячь текущую программу,current
дружище текущее окно спрячь,current
слушай убери программу с экрана,current
алло сверни приложение вниз,current
алло кинь вниз активное окно,current
алло кинь вниз текущий экран,current
алло сверни текущее окно вниз,current
эй бивис это окно спрячь,current
дружище это окно спрячь,current
алло текущую программу спрячь,current
дружище ее спрячь,current
ну ка сверни активное окно,current
кинь вниз активную программу,current
брух кинь вниз активное приложение,current
ну ка спрячь приложение,current
брух убери это с экрана,current
эй бивис кинь это вниз,current
слушай убери приложение с экрана,current
ну ка активное приложение спрячь,current
алло сверни активное окно вниз,current
дружище спрячь активное приложение,current
алло его спрячь,current
слушай спрячь программу,current
алло кинь это вниз,current
ну ка убери программу с экрана,current
дружище убери активное приложение с экрана,current
слушай сверни это вниз,current
ну ка сверни пожалуйста окно,current
алло убери программу с экрана,current
алло кинь вниз активную программу,current
дружище кинь окно вниз,current
слушай кинь вниз текущий экран,current
алло убери активное окно с экрана,current
ну ка сверни это окно вниз,current
брух сверни его вниз,current
ну ка кинь вниз активную программу,current
ну ка кинь вниз программу,current
слушай убери активное приложение с экрана,current
бивис сверни пожалуйста программу,current
брух окно спрячь,current
ну ка сверни его вниз,current
дружище это спрячь,current
ну ка убери активное окно с экрана,current
спрячь активное окно,current
дружище кинь вниз активное окно,current
дружище приложение спрячь,current
бивис сверни текущую программу вниз,current
дружище сверни пожалуйста активное приложение,current
ну ка сверни пожалуйста её,current
алло активное приложение спрячь,current
beavis сверни активное приложение вниз,current
дружище кинь это вниз,current
алло сверни окно вниз,current
алло кинь вниз текущее окно,current
алло кинь текущий экран вниз,current
beavis активное окно спрячь,current
ну ка кинь текущую программу вниз,current
алло сверни это вниз,current
алло сверни активное приложение,current
алло сверни пожалуйста текущее окно,current
брух его спрячь,current
дружище кинь программу вниз,current
дружище кинь текущую программу вниз,current
алло спрячь его,current
дружище убери текущую программу с экрана,current
ну ка сверни пожалуйста программу,current
алло спрячь текущую программу,current
ну ка кинь активное приложение вниз,current
дружище спрячь окно,current
ну ка убери активную программу с экрана,current
ну ка убери окно с экрана,current
алло убери текущее окно с экрана,current
ну ка кинь программу вниз,current
алло кинь вниз текущую программу,current
ну ка сверни пожалуйста активное приложение,current
дружище активное окно спрячь,current
ну ка сверни текущий экран вниз,current
алло сверни ее вниз,current
алло кинь вниз активное приложение,current
алло активную программу спрячь,current
ну ка сверни ее вниз,current
ну ка приложение спрячь,current
ну ка спрячь текущее окно,current
ну ка кинь вниз текущее окно,current
дружище убери это с экрана,current
ну ка кинь окно вниз,current
ну ка кинь вниз текущий экран,current
ну ка убери это с экрана,current
дружище сверни программу вниз,current
алло сверни пожалуйста программу,current
ну ка сверни текущее окно,current
алло сверни пожалуйста его,current
дружище спрячь приложение,current
брух спрячь текущую программу,current
ну ка кинь это окно вниз,current
дружище спрячь его,current
ну ка кинь текущее окно вниз,current
дружище кинь активную программу вниз,current
ну ка сверни текущую программу,current
алло кинь текущее окно вниз,current
кинь окно вниз,current
ну ка кинь вниз окно,current
дружище убери приложение с экрана,current
алло сверни активное окно,current
ну ка сверни это,current
дружище сверни пожалуйста текущий экран,current
дружище спрячь текущую программу,current
алло кинь вниз приложение,current
ну ка её спрячь,current
ну ка сверни текущее окно вниз,current
дружище сверни текущее окно,current
алло кинь вниз его,current
дружище убери программу с экрана,current
ну ка убери активное приложение с экрана,current
алло сверни пожалуйста окно,current
ну ка кинь вниз это,current
ну ка текущую программу спрячь,current
алло кинь вниз её,current
ну ка убери текущий экран с экрана,current
алло убери приложение с экрана,current
дружище сверни это окно,current
алло спрячь это,current
ну ка сверни активную программу вниз,current
ну ка кинь текущий экран вниз,current
дружище кинь вниз текущую программу,current
дружище спрячь текущее окно,current
ну ка спрячь её,current
дружище сверни окно вниз,current
дружище кинь вниз текущий экран,current
слушай активную программу спрячь,current
ну ка спрячь активное окно,current
дружище сверни пожалуйста активное окно,current
ну ка кинь вниз его,current
ну ка сверни активное окно вниз,current
дружище сверни приложение вниз,current
ну ка кинь это вниз,current
ну ка текущий экран спрячь,current
алло текущее окно спрячь,current
алло окно спрячь,current
алло кинь ее вниз,current
дружище кинь его вниз,current
дружище кинь вниз активную программу,current
дружище кинь вниз его,current
алло кинь активное приложение вниз,current
дружище спрячь активное окно,current
ну ка сверни приложение,current
дружище спрячь активную программу,current
алло сверни программу вниз,current
ну ка спрячь это,current
дружище убери активную программу с экрана,current
алло убери это окно с экрана,current
дружище программу спрячь,current
ну ка убери его с экрана,current
алло убери текущий экран с экрана,current
алло кинь это окно вниз,current
дружище кинь её вниз,current
алло убери его с экрана,current
ну ка спрячь окно,current
алло кинь вниз это окно,current
алло кинь текущую программу вниз,current
алло кинь вниз это,current
дружище убери её с экрана,current
дружище сверни текущий экран вниз,current
алло убери текущую программу с экрана,current
алло её спрячь,current
дружище кинь активное приложение вниз,current
дружище сверни пожалуйста его,current
алло спрячь программу,current
дружище спрячь программу,current
дружище убери текущий экран с экрана,current
ну ка спрячь активное приложение,current
дружище кинь вниз её,current
ну ка убери текущее окно с экрана,current
дружище сверни это окно вниз,current
алло кинь вниз программу,current
алло кинь активное окно вниз,current
алло спрячь приложение,current
ну ка сверни это окно,current
алло убери это с экрана,current
алло спрячь окно,current
beavis достань обратно,current
эй бивис покажи обратно,current
ну ка текущий экран восстанови,current
алло верни окно,current
слушай это окно верни,current
алло restore current,current
beavis это верни,current
ну ка покажи обратно,current
ну ка верни текущую программу на экран,current
слушай активное приложение восстанови,current
дружище верни приложение,current
дружище восстанови приложение,current
слушай его верни,current
дружище restore current,current
дружище верни её,current
слушай верни на экран,current
beavis верни ее на экран,current
эй бивис верни приложение,current
ну ка верни окно,current
beavis восстанови её,current
beavis верни как было,current
beavis restore current,current
дружище верни как было,current
брух это окно восстанови,current
beavis верни окно,current
окно восстанови,current
алло достань обратно,current
бивис её восстанови,current
дружище верни активную программу,current
дружище активное приложение верни,current
алло верни на экран,current
брух программу верни,current
алло покажи обратно,current
дружище верни это окно,current
брух верни это окно на экран,current
дружище верни окно,current
дружище это восстанови,current
алло активное окно верни,current
бивис восстанови это,current
дружище верни на экран,current
алло верни как было,current
beavis верни программу на экран,current
ну ка верни текущий экран на экран,current
брух активную программу верни,current
эй бивис верни текущую программу на экран,current
ну ка текущее окно верни,current
ну ка верни это окно,current
алло восстанови текущую программу,current
эй бивис текущий экран верни,current
слушай окно верни,current
ну ка активное окно восстанови,current
ну ка активное приложение восстанови,current
дружище достань обратно,current
ну ка верни на экран,current
слушай восстанови программу,current
брух программу восстанови,current
слушай восстанови это окно,current
ну ка верни как было,current
дружище восстанови его,current
алло это окно восстанови,current
дружище верни это на экран,current
эй бивис восстанови текущее окно,current
ну ка текущее окно восстанови,current
ну ка restore current,current
beavis его восстанови,current
алло активное окно восстанови,current
дружище покажи обратно,current
beavis верни текущее окно на экран,current
брух восстанови активное приложение,current
ну ка верни её на экран,current
ну ка достань обратно,current
эй бивис приложение восстанови,current
эй бивис восстанови активное окно,current
дружище восстанови это окно,current
бивис верни текущий экран на экран,current
восстанови текущую программу,current
дружище верни активное окно,current
алло верни текущий экран,current
восстанови приложение,current
слушай восстанови окно,current
дружище верни активное приложение,current
алло верни текущую программу,current
эй бивис ее верни,current
дружище верни приложение на экран,current
алло программу верни,current
алло восстанови текущий экран,current
алло верни его,current
бивис приложение верни,current
бивис это восстанови,current
эй бивис текущую программу верни,current
слушай верни его,current
брух восстанови текущий экран,current
дружище восстанови активную программу,current
слушай верни приложение на экран,current
дружище её восстанови,current
эй бивис текущую программу восстанови,current
beavis активное приложение верни,current
текущий экран восстанови,current
брух верни текущий экран,current
дружище активную программу восстанови,current
эй бивис активное окно верни,current
beavis верни активную программу на экран,current
beavis верни текущую программу,current
beavis верни окно на экран,current
бивис текущее окно верни,current
алло окно верни,current
beavis текущее окно восстанови,current
ну ка окно верни,current
beavis верни текущее окно,current
beavis верни активное окно на экран,current
алло верни активное приложение,current
слушай восстанови его,current
дружище активную программу верни,current
beavis верни активное окно,current
beavis активную программу восстанови,current
брух активное окно восстанови,current
алло восстанови её,current
ну ка верни активную программу,current
алло её восстанови,current
дружище её верни,current
ну ка верни текущий экран,current
дружище восстанови её,current
beavis верни программу,current
ну ка восстанови это окно,current
алло текущую программу верни,current
ну ка текущую программу верни,current
эй бивис верни это на экран,current
beavis верни её,current
ну ка это окно восстанови,current
дружище верни текущий экран на экран,current
ну ка восстанови текущую программу,current
алло верни текущее окно на экран,current
алло верни активное приложение на экран,current
ну ка верни его,current
beavis верни активное приложение,current
ну ка окно восстанови,current
алло верни его на экран,current
алло восстанови активное приложение,current
ну ка программу восстанови,current
дружище восстанови текущую программу,current
дружище активное окно верни,current
ну ка верни активное приложение,current
алло верни приложение на экран,current
слушай восстанови активную программу,current
ну ка верни активное окно на экран,current
ну ка её верни,current
алло верни приложение,current
алло восстанови активное окно,current
алло верни её,current
ну ка активное окно верни,current
алло его верни,current
дружище верни текущее окно на экран,current
ну ка восстанови окно,current
слушай верни это окно,current
ну ка активную программу верни,current
ну ка восстанови приложение,current
дружище это окно верни,current
ну ка восстанови это,current
эй бивис верни активное приложение на экран,current
слушай верни его на экран,current
дружище верни это,current
ну ка восстанови активное окно,current
дружище верни активное окно на экран,current
алло окно восстанови,current
ну ка восстанови ее,current
алло активную программу верни,current
ну ка это верни,current
дружище его восстанови,current
алло восстанови текущее окно,current
алло программу восстанови,current
алло верни текущий экран на экран,current
дружище это окно восстанови,current
брух верни активную программу,current
ну ка это окно верни,current
алло восстанови это,current
алло восстанови окно,current
дружище верни окно на экран,current
ну ка приложение восстанови,current
ну ка активное приложение верни,current
дружище верни его,current
алло активное приложение восстанови,current
алло восстанови программу,current
дружище активное приложение восстанови,current
дружище это верни,current
алло верни это на экран,current
алло верни активную программу на экран,current
ну ка верни текущую программу,current
алло верни активную программу,current
ну ка верни окно на экран,current
алло это верни,current
дружище восстанови текущий экран,current
ну ка его верни,current
алло текущее окно восстанови,current
дружище активное окно восстанови,current
ну ка верни активное приложение на экран,current
дружище программу восстанови,current
ну ка верни его на экран,current
дружище верни её на экран,current
алло верни окно на экран,current
ну ка верни активную программу на экран,current
алло активное приложение верни,current
дружище восстанови это,current
дружище верни это окно на экран,current
дружище окно верни,current
дружище верни его на экран,current
алло верни это окно,current
алло текущее окно верни,current
дружище текущую программу восстанови,current
алло текущую программу восстанови,current
алло восстанови его,current
ну ка восстанови текущий экран,current
дружище верни текущую программу,current
ну ка верни её,current
бивис верни это,current
алло верни программу,current
алло верни это,current
алло текущий экран восстанови,current
ну ка её восстанови,current
алло его восстанови,current
ну ка восстанови программу,current
алло верни её на экран,current
алло верни активное окно на экран,current
ну ка текущий экран верни,current
ну ка текущую программу восстанови,current
дружище текущий экран верни,current
дружище верни текущий экран,current
ну ка верни текущее окно на экран,current
алло ее верни,current
дружище восстанови окно,current
ну ка восстанови активное приложение,current
алло верни программу на экран,current
дружище верни активное приложение на экран,current
дружище восстанови активное окно,current
ну ка восстанови активную программу,current
дружище восстанови активное приложение,current
алло приложение восстанови,current
дружище программу верни,current
алло текущий экран верни,current
ну ка восстанови его,current
алло восстанови активную программу,current
дружище верни текущее окно,current
ну ка восстанови текущее окно,current
дружище восстанови программу,current
дружище восстанови текущее окно,current
ну ка верни это окно на экран,current
дружище приложение верни,current
ну ка верни активное окно,current
ну ка верни это,current
ну ка приложение верни,current
алло восстанови приложение,current
дружище верни текущую программу на экран,current
дружище текущий экран восстанови,current
дружище верни программу на экран,current
ну ка программу верни,current
алло верни активное окно,current
ну ка его восстанови,current
ну ка верни это на экран,current
дружище текущее окно восстанови,current
напомни мне завтра быстро,unknown
эй поставь таймер,unknown
переключи трек быстро,unknown
ну ка бивис громкость на десять,unknown
слушай бивис громкость на десять,unknown
эй динамики рвуться,unknown
найди эксель быстро,unknown
эй покажи календарь,unknown
ну ка бивис зактни,unknown
бивис start экзель,unknown
эй start telegram,unknown
давай сделай тихо,unknown
бивис найди файл,unknown
эй open тг,unknown
переведи текст,unknown
слушай выключи компьютер,unknown
давай открой экзель,unknown
брух открой где код пишу,unknown
давай запусти eксcel,unknown
брух включи eксcel,unknown
ну ка найди тг,unknown
открой телега пожалуйста,unknown
ну ка громко слишком,unknown
слушай запусти телеграмм,unknown
эй сколько время,unknown
бивис запусти блокнот,unknown
слушай найди в интернете,unknown
open телега,unknown
ну ка следующая песня,unknown
включи тг,unknown
бивис запусти excel,unknown
бивис закрытый вопрос,unknown
давай открой эксель,unknown
давай запусти телега,unknown
ты где быстро,unknown
эй start телега,unknown
эй открой тг,unknown
ну ка start телеграмм,unknown
брух найди экзель,unknown
эй закрой глаза,unknown
расскажи анекдот быстро,unknown
слушай найди тг,unknown
давай open телеграмм,unknown
сделай громкость 20,unknown
слушай включи телега,unknown
давай что по времени,unknown
ну ка заблокируй экран,unknown
брух запусти тг,unknown
слушай пауза музыку,unknown
эй start телеграмм,unknown
ну ка отправь письмо,unknown
ну ка создай папку,unknown
эй включи excel,unknown
слушай start эксель,unknown
ну ка найди в интернете,unknown
слушай open эксель,unknown
открой telegram быстро,unknown
бивис помолчи,unknown
выруби звук пожалуйста,unknown
прибавь громкость быстро,unknown
брух start eксcel,unknown
сверни браузер когда откроешь,unknown
ну ка открой тг,unknown
ну ка динамики рвуться,unknown
брух следующая песня,unknown
брух отправь письмо,unknown
брух создай папку,unknown
брух запусти эксель,unknown
эй открой телеграмм,unknown
ну ка включи telegram,unknown
бивис open telegram,unknown
давай на максимум,unknown
бивис проснись,unknown
брух start excel,unknown
ну ка найди eксcel,unknown
ну ка start тг,unknown
брух запусти экзель,unknown
open eксcel,unknown
бивис бивис зактни,unknown
бивис open excel,unknown
ну ка сделавй громче,unknown
погода минск,unknown
найди телега быстро,unknown
давай включи эксель,unknown
бивис убавь звук,unknown
open экзель,unknown
бивис start тг,unknown
слушай найди телеграмм,unknown
давай открой окно,unknown
слушай включи экзель,unknown
эй перезагрузи компьютер,unknown
ну ка включи эксель,unknown
давай найди excel,unknown
слушай напиши сообщение,unknown
ну ка открой окно,unknown
ну ка найди телеграмм,unknown
ну ка open excel,unknown
ну ка open экзель,unknown
ну ка проснись,unknown
открой вс код,unknown
ну ка помолчи,unknown
эй открой браузер,unknown
запусти telegram пожалуйста,unknown
давай включи телеграмм,unknown
ну ка найди файл,unknown
сделавй громче пожалуйста,unknown
ну ка start excel,unknown
давай открой excel,unknown
ну ка ты где,unknown
слушай заткнись,unknown
слушай удали файл,unknown
бивис брух сделай громче,unknown
давай открой eксcel,unknown
включи telegram,unknown
ну ка открой экзель,unknown
ну ка запусти excel,unknown
найди eксcel пожалуйста,unknown
слушай громко слишком,unknown
ну ка заткнись,unknown
ну ка покажи календарь,unknown
ну ка прибавь громкость,unknown
ну ка открой браузер,unknown
ну ка напомни мне завтра,unknown
ну ка open eксcel,unknown
ну ка найди excel,unknown
ну ка перезагрузи компьютер,unknown
ну ка открой telegram,unknown
эй найди telegram,unknown
слушай какая погода,unknown
ну ка выруби звук,unknown
ну ка открой вс код,unknown
ну ка запусти эксель,unknown
ну ка включи eксcel,unknown
сделай скриншот быстро,unknown
ну ка пауза музыку,unknown
ну ка открой телега,unknown
ну ка закрытый вопрос,unknown
ну ка найди телега,unknown
ну ка запусти экзель,unknown
ну ка открой телеграмм,unknown
ну ка запусти телеграмм,unknown
ну ка найди telegram,unknown
ну ка выключи компьютер,unknown
ну ка запусти блокнот,unknown
ну ка что по времени,unknown
ну ка open эксель,unknown
ну ка брух сделай громче,unknown
ну ка open телеграмм,unknown
ну ка включи тг,unknown
заблокируй экран быстро,unknown
ну ка напиши сообщение,unknown
ну ка убавь звук,unknown
ну ка сделай тихо,unknown
ну ка на максимум,unknown
ну ка открой eксcel,unknown
ну ка включи excel,unknown
ну ка переведи текст,unknown
ну ка погода минск,unknown
ну ка сделай громкость 20,unknown
ну ка start telegram,unknown
ну ка включи экзель,unknown
ну ка запусти telegram,unknown
ну ка найди экзель,unknown
ну ка сделай скриншот,unknown
ну ка сколько время,unknown
ну ка какая погода,unknown
ну ка open тг,unknown
ну ка start экзель,unknown
ну ка найди эксель,unknown
ну ка поставь таймер,unknown
ну ка закрой глаза,unknown
ну ка расскажи анекдот,unknown
ну ка запусти телега,unknown
ну ка запусти тг,unknown
ну ка start телега,unknown
ну ка переключи трек,unknown
ну ка удали файл,unknown
ну ка start eксcel,unknown
ну ка открой эксель,unknown
ну ка open телега,unknown
ну ка сверни браузер когда откроешь,unknown
ну ка открой где код пишу,unknown
ну ка запусти eксcel,unknown
ну ка открой excel,unknown
ну ка включи телега,unknown
ну ка open telegram,unknown
ну ка start эксель,unknown
ну ка включи телеграмм,unknown
